Method,Path,Controller,Title,Source File,Auth Type,Auth Headers,Required Headers,Optional Headers,Path Params,Query Params,Content Type,Body Type,Request Body,Validation,Success Codes,Error Codes,App Error Codes,Error Messages,Response Type,Notes
"POST","/api/account/auth/change-password","AccountAuthController","changePassword","id/boga/mybogaapp/features/account/AccountAuthController.java:114","None declared at handler; method is permitAll in SecurityConfig","","","","","","application/json","CmsChangePasswordRequest","email:String; oldPassword:String; newPassword:String","email: @NotBlank; oldPassword: @NotBlank; newPassword: @NotBlank","201","400; 401","","","ResponseEntity<Object>","Static source scan; directly called service/helper errors are included when resolvable, but runtime-only errors require integration tests to confirm."
"POST","/api/account/auth/login","AccountAuthController","login","id/boga/mybogaapp/features/account/AccountAuthController.java:71","None declared at handler; method is permitAll in SecurityConfig","","","","","","application/json","CmsLoginRequest","email:String; password:String","email: @NotBlank; password: @NotBlank","200","400; 401","","","ResponseEntity<Object>","Static source scan; directly called service/helper errors are included when resolvable, but runtime-only errors require integration tests to confirm."
"GET","/api/account/auth/ping","AccountAuthController","pingAuth","id/boga/mybogaapp/features/account/AccountAuthController.java:42","Bearer JWT (Authorization: Bearer <token>) (handler-level)","","","","","","/ping","","","","200","401","","","ResponseEntity<?>","Static source scan; directly called service/helper errors are included when resolvable, but runtime-only errors require integration tests to confirm."
"GET","/api/bank/minimum","BankController","minimumInfoList","id/boga/mybogaapp/features/bank/BankController.java:28","None declared at handler; method is permitAll in SecurityConfig","","","","","","Not declared","","","","200","400","","","ResponseEntity<Object>","Static source scan; directly called service/helper errors are included when resolvable, but runtime-only errors require integration tests to confirm."
"GET","/api/banner/delivery","BannerController","getBannerDelivery","id/boga/mybogaapp/features/banner/BannerController.java:22","None declared at handler; method is permitAll in SecurityConfig","","","","","","/delivery","","","","200","","","","Object","Static source scan; directly called service/helper errors are included when resolvable, but runtime-only errors require integration tests to confirm."
"POST","/api/bca/openapi/v1.0/access-token/b2b","BcaController","authToken","id/boga/mybogaapp/features/vabca/BcaController.java:47","Request signature/HMAC + API/client/secret key (handler-level)","X-CLIENT-KEY; X-SIGNATURE","Content-Type; X-TIMESTAMP; X-CLIENT-KEY; X-SIGNATURE","","","","application/json","String (raw request body; schema not statically declared)","String (raw request body; schema not statically declared)","manual: !clientIdProperties.equals(clientId)","200","400","","","ResponseEntity<Object>","Static source scan; directly called service/helper errors are included when resolvable, but runtime-only errors require integration tests to confirm. Raw String body has no declared DTO schema."
"POST","/api/bca/openapi/v1.0/generate-signature/inquiry","BcaController","generateSignatureInquiryBills","id/boga/mybogaapp/features/vabca/BcaController.java:316","Authorization header (scheme enforced by handler/integration contract) (handler-level)","Authorization","Authorization; X-EXTERNAL-ID; CHANNEL-ID; X-PARTNER-ID; X-TIMESTAMP","","","","application/json","String (raw request body; schema not statically declared)","String (raw request body; schema not statically declared)","","200","400","","","ResponseEntity<Object>","Static source scan; directly called service/helper errors are included when resolvable, but runtime-only errors require integration tests to confirm. Raw String body has no declared DTO schema."
"POST","/api/bca/openapi/v1.0/generate-signature/oauth","BcaController","generateSignatureOauth","id/boga/mybogaapp/features/vabca/BcaController.java:95","API/client/secret key (handler-level)","X-CLIENT-KEY","Content-Type; X-TIMESTAMP; X-CLIENT-KEY","","","","application/json","String (raw request body; schema not statically declared)","String (raw request body; schema not statically declared)","","200","400","","","ResponseEntity<Object>","Static source scan; directly called service/helper errors are included when resolvable, but runtime-only errors require integration tests to confirm. Raw String body has no declared DTO schema."
"POST","/api/bca/openapi/v1.0/generate-signature/payment-flag","BcaController","generateSignaturePaymentFlag","id/boga/mybogaapp/features/vabca/BcaController.java:662","Authorization header (scheme enforced by handler/integration contract) (handler-level)","Authorization","Authorization; X-EXTERNAL-ID; CHANNEL-ID; X-PARTNER-ID; X-TIMESTAMP","","","","application/json","String (raw request body; schema not statically declared)","String (raw request body; schema not statically declared)","","200","400","","","ResponseEntity<Object>","Static source scan; directly called service/helper errors are included when resolvable, but runtime-only errors require integration tests to confirm. Raw String body has no declared DTO schema."
"POST","/api/bca/openapi/v1.0/transfer-va/inquiry","BcaController","inquiryBills","id/boga/mybogaapp/features/vabca/BcaController.java:123","Authorization header (scheme enforced by handler/integration contract) + Request signature/HMAC (handler-level)","Authorization; X-SIGNATURE","Authorization; X-EXTERNAL-ID; CHANNEL-ID; X-PARTNER-ID; X-TIMESTAMP; X-SIGNATURE","","","","application/json","String (raw request body; schema not statically declared)","String (raw request body; schema not statically declared)","manual: !channelIdProperties.equals(channelId)","200","400","","","ResponseEntity<Object>","Static source scan; directly called service/helper errors are included when resolvable, but runtime-only errors require integration tests to confirm. Raw String body has no declared DTO schema."
"POST","/api/bca/openapi/v1.0/transfer-va/payment","BcaController","paymentFlag","id/boga/mybogaapp/features/vabca/BcaController.java:410","Authorization header (scheme enforced by handler/integration contract) + Request signature/HMAC (handler-level)","Authorization; X-SIGNATURE","Authorization; X-EXTERNAL-ID; CHANNEL-ID; X-PARTNER-ID; X-TIMESTAMP; X-SIGNATURE","","","","application/json","String (raw request body; schema not statically declared)","String (raw request body; schema not statically declared)","manual: !channelIdProperties.equals(channelId)","200","400","","","ResponseEntity<Object>","Static source scan; directly called service/helper errors are included when resolvable, but runtime-only errors require integration tests to confirm. Raw String body has no declared DTO schema."
"POST","/api/bca/openapi/v1.0/transfer-va/status","BcaController","paymentStatus","id/boga/mybogaapp/features/vabca/BcaController.java:776","None declared at handler; method is permitAll in SecurityConfig","","","","","","application/json","String (raw request body; schema not statically declared)","String (raw request body; schema not statically declared)","manual: reqMap.get(""orderId"") == null","200","400","","","ResponseEntity<Object>","Static source scan; directly called service/helper errors are included when resolvable, but runtime-only errors require integration tests to confirm. Raw String body has no declared DTO schema."
"POST","/api/bca/va/inquiry/bills","VaBcaController","inquiryBills","id/boga/mybogaapp/features/vabca/VaBcaController.java:103","Authorization header (scheme enforced by handler/integration contract) + Request signature/HMAC + API/client/secret key (handler-level)","Authorization; X-BCA-Key; X-BCA-Signature","Authorization; X-BCA-Key; X-BCA-Signature","","","","application/json","String (raw request body; schema not statically declared)","String (raw request body; schema not statically declared)","manual: !authCheck || !apiKey.equals(properties.getVaApiKey())","200","400","","","ResponseEntity<Object>","Static source scan; directly called service/helper errors are included when resolvable, but runtime-only errors require integration tests to confirm. Raw String body has no declared DTO schema."
"POST","/api/bca/va/oauth/token","VaBcaController","authToken","id/boga/mybogaapp/features/vabca/VaBcaController.java:54","Authorization header (scheme enforced by handler/integration contract) (handler-level)","Authorization","Authorization; Content-Type","","","","application/x-www-form-urlencoded","String (raw request body; schema not statically declared)","String (raw request body; schema not statically declared)","","200","400","","","ResponseEntity<Object>","Static source scan; directly called service/helper errors are included when resolvable, but runtime-only errors require integration tests to confirm. Raw String body has no declared DTO schema."
"POST","/api/bca/va/payment/force_settle","VaBcaController","forceSettle","id/boga/mybogaapp/features/vabca/VaBcaController.java:308","None declared at handler; method is permitAll in SecurityConfig","","","","","","application/json","String (raw request body; schema not statically declared)","String (raw request body; schema not statically declared)","","200","400","","","ResponseEntity<Object>","Static source scan; directly called service/helper errors are included when resolvable, but runtime-only errors require integration tests to confirm. Raw String body has no declared DTO schema."
"POST","/api/bca/va/payment/force_settle/subscription","VaBcaController","forceSettleSubscription","id/boga/mybogaapp/features/vabca/VaBcaController.java:475","API/client/secret key (handler-level)","X-BOGA-Key","","X-BOGA-Key","","","application/json","String (raw request body; schema not statically declared)","String (raw request body; schema not statically declared)","manual: !apiKeyProperties.equals(apiKey)","200","400","","","ResponseEntity<Object>","Static source scan; directly called service/helper errors are included when resolvable, but runtime-only errors require integration tests to confirm. Raw String body has no declared DTO schema."
"POST","/api/bca/va/payment/force_settle/voucher","VaBcaController","forceSettleVoucher","id/boga/mybogaapp/features/vabca/VaBcaController.java:378","API/client/secret key (handler-level)","X-BOGA-Key","","X-BOGA-Key","","","application/json","String (raw request body; schema not statically declared)","String (raw request body; schema not statically declared)","manual: !apiKeyProperties.equals(apiKey)","200","400","","","ResponseEntity<Object>","Static source scan; directly called service/helper errors are included when resolvable, but runtime-only errors require integration tests to confirm. Raw String body has no declared DTO schema."
"GET","/api/bca/va/payment/status","VaBcaController","getVaPaymentStatus","id/boga/mybogaapp/features/vabca/VaBcaController.java:595","None declared at handler; method is permitAll in SecurityConfig","","","","","CompanyCode:String (required); CustomerNumber:String (required)","Not declared","","","","200","400","","","ResponseEntity<Object>","Static source scan; directly called service/helper errors are included when resolvable, but runtime-only errors require integration tests to confirm."
"POST","/api/bca/va/payments","VaBcaController","payments","id/boga/mybogaapp/features/vabca/VaBcaController.java:194","Authorization header (scheme enforced by handler/integration contract) + Request signature/HMAC + API/client/secret key (handler-level)","Authorization; X-BCA-Key; X-BCA-Signature","Authorization; X-BCA-Key; X-BCA-Signature","","","","application/json","String (raw request body; schema not statically declared)","String (raw request body; schema not statically declared)","manual: !authCheck || !apiKey.equals(properties.getVaApiKey())","200","400","","","ResponseEntity<Object>","Static source scan; directly called service/helper errors are included when resolvable, but runtime-only errors require integration tests to confirm. Raw String body has no declared DTO schema."
"GET","/api/bca/va/task/payment/force_settle/subscription","VaBcaController","runForceSettleSubscription","id/boga/mybogaapp/features/vabca/VaBcaController.java:529","None declared at handler; method is permitAll in SecurityConfig","","","","","","Not declared","","","","200","","","","void","Static source scan; directly called service/helper errors are included when resolvable, but runtime-only errors require integration tests to confirm."
"GET","/api/bca/va/task/payment/force_settle/voucher","VaBcaController","runForceSettleVoucher","id/boga/mybogaapp/features/vabca/VaBcaController.java:432","None declared at handler; method is permitAll in SecurityConfig","","","","","","Not declared","","","","200","","","","void","Static source scan; directly called service/helper errors are included when resolvable, but runtime-only errors require integration tests to confirm."
"GET","/api/bca/va/task/update-expire","VaBcaController","updateVaExpire","id/boga/mybogaapp/features/vabca/VaBcaController.java:699","None declared at handler; method is permitAll in SecurityConfig","","","","","","Not declared","","","","200","","","","void","Static source scan; directly called service/helper errors are included when resolvable, but runtime-only errors require integration tests to confirm."
"GET","/api/bca/va/task/update-webapps-status","VaBcaController","updateVaWebAppsStatus","id/boga/mybogaapp/features/vabca/VaBcaController.java:738","None declared at handler; method is permitAll in SecurityConfig","","","","","","Not declared","","","","200","","","","void","Static source scan; directly called service/helper errors are included when resolvable, but runtime-only errors require integration tests to confirm."
"GET","/api/bca/va/task/update-webapps-status/invoice-corporate","VaBcaController","updateVaWebAppsStatusInvoiceBogaCorporate","id/boga/mybogaapp/features/vabca/VaBcaController.java:759","None declared at handler; method is permitAll in SecurityConfig","","","","","","Not declared","","","","200","","","","void","Static source scan; directly called service/helper errors are included when resolvable, but runtime-only errors require integration tests to confirm."
"POST","/api/bogabot/available-outlet/qr-voucher/lippo","BogaBotController","availableOutletQRVoucherLmi","id/boga/mybogaapp/features/bogabot/BogaBotController.java:1617","API/client/secret key (handler-level)","X-BOGA-Key","","X-BOGA-Key","","","/available-outlet/qr-voucher/lippo","String (raw request body; schema not statically declared)","String (raw request body; schema not statically declared)","manual: !apiKeyProperties.equals(apiKey)","200","400; 500","","Failed to get status data","ResponseEntity<Object>","Static source scan; directly called service/helper errors are included when resolvable, but runtime-only errors require integration tests to confirm. Raw String body has no declared DTO schema."
"POST","/api/bogabot/bca/generate/vanumber","BogaBotController","bogaBotGenerateVaNumber","id/boga/mybogaapp/features/bogabot/BogaBotController.java:513","API/client/secret key (handler-level)","X-BOGA-Key","","X-BOGA-Key","","","application/json","String (raw request body; schema not statically declared)","String (raw request body; schema not statically declared)","manual: !apiKeyProperties.equals(apiKey); manual: reqMap.get(""purpose"") == null; manual: reqMap.get(""purpose"").equals(VA_PURPOSE.INVOICE_CORPORATE.getValue()); manual: reqMap.get(""note"") == null; manual: reqMap.get(""purpose"").toString().equalsIgnoreCase(VA_PURPOSE.SALESCASH.getValue()); manual: reqMap.get(""salesDate"") != null; manual: reqMap.get(""purpose"").toString().equalsIgnoreCase(VA_PURPOSE.DIFFSO.getValue())","200","400","","Failed generate VA Number","ResponseEntity<Object>","Static source scan; directly called service/helper errors are included when resolvable, but runtime-only errors require integration tests to confirm. Raw String body has no declared DTO schema."
"POST","/api/bogabot/bca/salespayment-list","BogaBotController","bogaBotGetSalesPayment","id/boga/mybogaapp/features/bogabot/BogaBotController.java:798","API/client/secret key (handler-level)","X-BOGA-Key","","X-BOGA-Key","","","application/json","String (raw request body; schema not statically declared)","String (raw request body; schema not statically declared)","manual: !apiKeyProperties.equals(apiKey)","200","400","","Failed get transaction list VA Number","ResponseEntity<Object>","Static source scan; directly called service/helper errors are included when resolvable, but runtime-only errors require integration tests to confirm. Raw String body has no declared DTO schema."
"POST","/api/bogabot/bca/transactionva-list","BogaBotController","bogaBotGetTransactionVa","id/boga/mybogaapp/features/bogabot/BogaBotController.java:687","API/client/secret key (handler-level)","X-BOGA-Key","","X-BOGA-Key","","","application/json","String (raw request body; schema not statically declared)","String (raw request body; schema not statically declared)","manual: !apiKeyProperties.equals(apiKey)","200","400","","Failed get transaction list VA Number","ResponseEntity<Object>","Static source scan; directly called service/helper errors are included when resolvable, but runtime-only errors require integration tests to confirm. Raw String body has no declared DTO schema."
"POST","/api/bogabot/bca/update-salescash/vanumber","BogaBotController","bogaBotUpdateVaNumber","id/boga/mybogaapp/features/bogabot/BogaBotController.java:645","API/client/secret key (handler-level)","X-BOGA-Key","","X-BOGA-Key","","","application/json","String (raw request body; schema not statically declared)","String (raw request body; schema not statically declared)","manual: !apiKeyProperties.equals(apiKey); manual: reqMap.get(""status"").toString().equalsIgnoreCase(""Success"")","200","400","","","ResponseEntity<Object>","Static source scan; directly called service/helper errors are included when resolvable, but runtime-only errors require integration tests to confirm. Raw String body has no declared DTO schema."
"POST","/api/bogabot/bca/update/billnumber","BogaBotController","bogaBotVaUpdateBillNumber","id/boga/mybogaapp/features/bogabot/BogaBotController.java:721","API/client/secret key (handler-level)","X-BOGA-Key","","X-BOGA-Key","","","application/json","String (raw request body; schema not statically declared)","String (raw request body; schema not statically declared)","manual: !apiKeyProperties.equals(apiKey)","200","400","","Failed update VA BillNum","ResponseEntity<Object>","Static source scan; directly called service/helper errors are included when resolvable, but runtime-only errors require integration tests to confirm. Raw String body has no declared DTO schema."
"POST","/api/bogabot/bca/update/transactionva","BogaBotController","bogaBotVaUpdate","id/boga/mybogaapp/features/bogabot/BogaBotController.java:757","API/client/secret key (handler-level)","X-BOGA-Key","","X-BOGA-Key","","","application/json","String (raw request body; schema not statically declared)","String (raw request body; schema not statically declared)","manual: !apiKeyProperties.equals(apiKey); manual: reqMap.get(""note"") == null","200","400","","Failed update VA BogaBot","ResponseEntity<Object>","Static source scan; directly called service/helper errors are included when resolvable, but runtime-only errors require integration tests to confirm. Raw String body has no declared DTO schema."
"POST","/api/bogabot/getcoupon/byuser","BogaBotController","bogaBotGetAvailableCoupon","id/boga/mybogaapp/features/bogabot/BogaBotController.java:320","API/client/secret key (handler-level)","X-BOGA-Key","","X-BOGA-Key","","","application/json","String (raw request body; schema not statically declared)","String (raw request body; schema not statically declared)","manual: !apiKeyProperties.equals(apiKey); manual: reqMap.get(""memberCode"") == null; manual: reqMap.get(""branchCode"") == null","200","400","","","ResponseEntity<Object>","Static source scan; directly called service/helper errors are included when resolvable, but runtime-only errors require integration tests to confirm. Raw String body has no declared DTO schema."
"POST","/api/bogabot/getmember","BogaBotController","bogaBotGetMember","id/boga/mybogaapp/features/bogabot/BogaBotController.java:231","API/client/secret key (handler-level)","X-BOGA-Key","","X-BOGA-Key","","","application/json","String (raw request body; schema not statically declared)","String (raw request body; schema not statically declared)","manual: !apiKeyProperties.equals(apiKey)","200","400","","","ResponseEntity<Object>","Static source scan; directly called service/helper errors are included when resolvable, but runtime-only errors require integration tests to confirm. Raw String body has no declared DTO schema."
"POST","/api/bogabot/getotpcode/byphone","BogaBotController","bogaBotGetOtpCodeByPhone","id/boga/mybogaapp/features/bogabot/BogaBotController.java:280","API/client/secret key (handler-level)","X-BOGA-Key","","X-BOGA-Key","","","application/json","String (raw request body; schema not statically declared)","String (raw request body; schema not statically declared)","manual: !apiKeyProperties.equals(apiKey)","200","400","","","ResponseEntity<Object>","Static source scan; directly called service/helper errors are included when resolvable, but runtime-only errors require integration tests to confirm. Raw String body has no declared DTO schema."
"POST","/api/bogabot/insert/transaction","BogaBotController","insertTransaction","id/boga/mybogaapp/features/bogabot/BogaBotController.java:472","API/client/secret key (handler-level)","X-BOGA-Key","","X-BOGA-Key","","","application/json","String (raw request body; schema not statically declared)","String (raw request body; schema not statically declared)","manual: !apiKeyProperties.equals(apiKey)","200","400","","Bad Request","ResponseEntity<Object>","Static source scan; directly called service/helper errors are included when resolvable, but runtime-only errors require integration tests to confirm. Raw String body has no declared DTO schema."
"POST","/api/bogabot/insert/transaction-temp","BogaBotController","insertTransactionTemp","id/boga/mybogaapp/features/bogabot/BogaBotController.java:362","API/client/secret key (handler-level)","X-BOGA-Key","","X-BOGA-Key","","","application/json","TransactionTemp","id:Integer; transactionId:String; subTotal:String; grossTotal:String; outletCode:String; userId:String; salesNum:String","manual: !apiKeyProperties.equals(apiKey); manual: !transaction.getTransactionId().equals("""")","200","400; 401; 403; 404","","Bad Request; Insert transactionTemp","ResponseEntity<Object>","Static source scan; directly called service/helper errors are included when resolvable, but runtime-only errors require integration tests to confirm."
"POST","/api/bogabot/insert/user-subscription","BogaBotController","insertUserSubscription","id/boga/mybogaapp/features/bogabot/BogaBotController.java:1651","API/client/secret key (handler-level)","X-BOGA-Key","","X-BOGA-Key","","","/insert/user-subscription","String (raw request body; schema not statically declared)","String (raw request body; schema not statically declared)","manual: !apiKeyProperties.equals(apiKey)","200","400","","","ResponseEntity<Object>","Static source scan; directly called service/helper errors are included when resolvable, but runtime-only errors require integration tests to confirm. Raw String body has no declared DTO schema."
"POST","/api/bogabot/mandiri/generate/vanumber","BogaBotController","bogaBotGenerateVaNumberMandiri","id/boga/mybogaapp/features/bogabot/BogaBotController.java:836","API/client/secret key (handler-level)","X-BOGA-Key","","X-BOGA-Key","","","application/json","String (raw request body; schema not statically declared)","String (raw request body; schema not statically declared)","manual: !apiKeyProperties.equals(apiKey); manual: reqMap.get(""purpose"") == null; manual: reqMap.get(""purpose"").equals(VA_PURPOSE.INVOICE_CORPORATE.getValue()); manual: reqMap.get(""note"") == null; manual: reqMap.get(""purpose"").toString().equalsIgnoreCase(VA_PURPOSE.SALESCASH.getValue()); manual: reqMap.get(""salesDate"") != null; manual: reqMap.get(""purpose"").toString().equalsIgnoreCase(VA_PURPOSE.DIFFSO.getValue()); manual: reqMap.get(""purpose"").toString().equalsIgnoreCase(VA_PURPOSE.INVOICE_CORPORATE.getValue()); manual: reqMap.get(""note"").toString().toLowerCase().contains(""reservation system"")","200","400","","Failed generate VA Number","ResponseEntity<Object>","Static source scan; directly called service/helper errors are included when resolvable, but runtime-only errors require integration tests to confirm. Raw String body has no declared DTO schema."
"POST","/api/bogabot/mandiri/salespayment-list","BogaBotController","bogaBotGetSalesPaymentMandiri","id/boga/mybogaapp/features/bogabot/BogaBotController.java:1101","API/client/secret key (handler-level)","X-BOGA-Key","","X-BOGA-Key","","","application/json","String (raw request body; schema not statically declared)","String (raw request body; schema not statically declared)","manual: !apiKeyProperties.equals(apiKey)","200","400","","Failed get transaction list VA Number","ResponseEntity<Object>","Static source scan; directly called service/helper errors are included when resolvable, but runtime-only errors require integration tests to confirm. Raw String body has no declared DTO schema."
"POST","/api/bogabot/mandiri/transactionva-list","BogaBotController","bogaBotGetTransactionVaMandiri","id/boga/mybogaapp/features/bogabot/BogaBotController.java:1067","API/client/secret key (handler-level)","X-BOGA-Key","","X-BOGA-Key","","","application/json","String (raw request body; schema not statically declared)","String (raw request body; schema not statically declared)","manual: !apiKeyProperties.equals(apiKey)","200","400","","Failed get transaction list VA Number","ResponseEntity<Object>","Static source scan; directly called service/helper errors are included when resolvable, but runtime-only errors require integration tests to confirm. Raw String body has no declared DTO schema."
"POST","/api/bogabot/mandiri/update/billnumber","BogaBotController","bogaBotUpdateVaBillNumberMandiri","id/boga/mybogaapp/features/bogabot/BogaBotController.java:988","API/client/secret key (handler-level)","X-BOGA-Key","","X-BOGA-Key","","","application/json","String (raw request body; schema not statically declared)","String (raw request body; schema not statically declared)","manual: !apiKeyProperties.equals(apiKey); manual: reqMap.get(""note"") == null","200","400","","Failed update VA BogaBot","ResponseEntity<Object>","Static source scan; directly called service/helper errors are included when resolvable, but runtime-only errors require integration tests to confirm. Raw String body has no declared DTO schema."
"POST","/api/bogabot/mandiri/update/status-salescash","BogaBotController","bogaBotUpdateVaStatusSalesCashMandiri","id/boga/mybogaapp/features/bogabot/BogaBotController.java:1026","API/client/secret key (handler-level)","X-BOGA-Key","","X-BOGA-Key","","","application/json","String (raw request body; schema not statically declared)","String (raw request body; schema not statically declared)","manual: !apiKeyProperties.equals(apiKey); manual: reqMap.get(""status"").toString().equalsIgnoreCase(""Success"")","200","400","","","ResponseEntity<Object>","Static source scan; directly called service/helper errors are included when resolvable, but runtime-only errors require integration tests to confirm. Raw String body has no declared DTO schema."
"POST","/api/bogabot/senddata/qr-voucher/lippo","BogaBotController","getQRVoucherLmi","id/boga/mybogaapp/features/bogabot/BogaBotController.java:1525","API/client/secret key (handler-level)","X-BOGA-Key","","X-BOGA-Key","","","/senddata/qr-voucher/lippo","String (raw request body; schema not statically declared)","String (raw request body; schema not statically declared)","manual: !apiKeyProperties.equals(apiKey)","200","400; 500","","","ResponseEntity<Object>","Static source scan; directly called service/helper errors are included when resolvable, but runtime-only errors require integration tests to confirm. Raw String body has no declared DTO schema."
"POST","/api/bogabot/track-delivery","BogaBotController","trackDeliveryTransaction","id/boga/mybogaapp/features/bogabot/BogaBotController.java:1322","API/client/secret key (handler-level)","X-BOGA-Key","","X-BOGA-Key","","","application/json","String (raw request body; schema not statically declared)","String (raw request body; schema not statically declared)","manual: !apiKeyProperties.equals(apiKey)","200","400","","","ResponseEntity<Object>","Static source scan; directly called service/helper errors are included when resolvable, but runtime-only errors require integration tests to confirm. Raw String body has no declared DTO schema."
"POST","/api/bogabot/transaction-detail/delivery","BogaBotController","bogaBotTransactionDetailDelivery","id/boga/mybogaapp/features/bogabot/BogaBotController.java:157","API/client/secret key (handler-level)","X-BOGA-Key","","X-BOGA-Key","","","application/json","String (raw request body; schema not statically declared)","String (raw request body; schema not statically declared)","manual: !apiKeyProperties.equals(apiKey)","200","400","","Failed to get detail transaction data","ResponseEntity<Object>","Static source scan; directly called service/helper errors are included when resolvable, but runtime-only errors require integration tests to confirm. Raw String body has no declared DTO schema."
"POST","/api/bogabot/transaction-list/delivery","BogaBotController","bogaBotTransactionListDelivery","id/boga/mybogaapp/features/bogabot/BogaBotController.java:113","API/client/secret key (handler-level)","X-BOGA-Key","","X-BOGA-Key","","","application/json","String (raw request body; schema not statically declared)","String (raw request body; schema not statically declared)","manual: !apiKeyProperties.equals(apiKey)","200","400","","Failed to get transaction data","ResponseEntity<Object>","Static source scan; directly called service/helper errors are included when resolvable, but runtime-only errors require integration tests to confirm. Raw String body has no declared DTO schema."
"POST","/api/bogabot/transaction-list/qr-voucher/lippo","BogaBotController","getTransactionListQRVoucherLmi","id/boga/mybogaapp/features/bogabot/BogaBotController.java:1580","API/client/secret key (handler-level)","X-BOGA-Key","","X-BOGA-Key","","","/transaction-list/qr-voucher/lippo","String (raw request body; schema not statically declared)","String (raw request body; schema not statically declared)","manual: !apiKeyProperties.equals(apiKey)","200","400; 500","","Failed to get transaction data","ResponseEntity<Object>","Static source scan; directly called service/helper errors are included when resolvable, but runtime-only errors require integration tests to confirm. Raw String body has no declared DTO schema."
"POST","/api/bogabot/transaction-log/update/printBill","BogaBotController","bogaBotTransactionLogUpdatePrintBill","id/boga/mybogaapp/features/bogabot/BogaBotController.java:193","API/client/secret key (handler-level)","X-BOGA-Key","","X-BOGA-Key","","","application/json","String (raw request body; schema not statically declared)","String (raw request body; schema not statically declared)","manual: !apiKeyProperties.equals(apiKey)","200","400","","Failed update print bill","ResponseEntity<Object>","Static source scan; directly called service/helper errors are included when resolvable, but runtime-only errors require integration tests to confirm. Raw String body has no declared DTO schema."
"GET","/api/bogabot/uploadfile/{fileType}","BogaBotController","run","id/boga/mybogaapp/features/bogabot/BogaBotController.java:1504","None declared at handler; method is permitAll in SecurityConfig","","","","fileType:String","","/uploadfile/{fileType}","","","manual: fileType.equals(""image"")","200","400","","","void","Static source scan; directly called service/helper errors are included when resolvable, but runtime-only errors require integration tests to confirm."
"GET","/api/brands/{uuid}","BrandController","detail","id/boga/mybogaapp/features/brand/BrandController.java:82","None declared at handler; method is permitAll in SecurityConfig","","","User-Agent","uuid:String","","Not declared","","","manual: !Globals.isUserAgentValid(userAgent) && properties.isProductionEnvironment()","200","400; 401","","","ResponseEntity<Object>","Static source scan; directly called service/helper errors are included when resolvable, but runtime-only errors require integration tests to confirm."
"GET","/api/brands/available","BrandController","allaAvailableBrands","id/boga/mybogaapp/features/brand/BrandController.java:32","None declared at handler; method is permitAll in SecurityConfig","","","User-Agent","","limit:int (optional/defaulted); country_id:int (required)","Not declared","","","manual: !Globals.isUserAgentValid(userAgent) && properties.isProductionEnvironment()","200","400; 401","","","ResponseEntity<Object>","Static source scan; directly called service/helper errors are included when resolvable, but runtime-only errors require integration tests to confirm."
"GET","/api/brands/delivery","BrandController","allDeliveryBrands","id/boga/mybogaapp/features/brand/BrandController.java:57","None declared at handler; method is permitAll in SecurityConfig","","","User-Agent","","limit:int (optional/defaulted); country_id:int (required)","Not declared","","","manual: !Globals.isUserAgentValid(userAgent) && properties.isProductionEnvironment()","200","400; 401","","","ResponseEntity<Object>","Static source scan; directly called service/helper errors are included when resolvable, but runtime-only errors require integration tests to confirm."
"POST","/api/brands/instagram","BrandController","autoRegistration","id/boga/mybogaapp/features/brand/BrandController.java:127","API/client/secret key (handler-level)","Secret-Key","","Secret-Key","","","Not declared","","","manual: !secretKey.equals(""EFa3ObVb7hInstaIDDCNTMFS6uM"")","200","400","","Failed to fetch Instagram data","ResponseEntity<Object>","Static source scan; directly called service/helper errors are included when resolvable, but runtime-only errors require integration tests to confirm."
"GET","/api/brands/prefix/update","BrandController","updatePrefix","id/boga/mybogaapp/features/brand/BrandController.java:106","None declared at handler; method is permitAll in SecurityConfig","","","","","","/prefix/update","","","","200","400","","","ResponseEntity<Object>","Static source scan; directly called service/helper errors are included when resolvable, but runtime-only errors require integration tests to confirm."
"GET","/api/campaigns","CampaignController","allCampaign","id/boga/mybogaapp/features/campaign/CampaignController.java:56","None declared at handler; method is permitAll in SecurityConfig","","","User-Agent","","limit:int (optional/defaulted)","Not declared","","","manual: !Globals.isUserAgentValid(userAgent) && properties.isProductionEnvironment()","200","400; 401","","","ResponseEntity<Object>","Static source scan; directly called service/helper errors are included when resolvable, but runtime-only errors require integration tests to confirm."
"POST","/api/campaigns","CampaignController","create","id/boga/mybogaapp/features/campaign/CampaignController.java:82","None declared at handler; method is permitAll in SecurityConfig","","","","","","application/json","Campaign","id:Integer; name:String; startDate:Date; endDate:Date; category:String; discountCode:String; imagePath:String; notes:String; active:boolean; regDate:Date; regBy:Integer","","201","400","","","ResponseEntity<?>","Static source scan; directly called service/helper errors are included when resolvable, but runtime-only errors require integration tests to confirm."
"GET","/api/campaigns/qr","CampaignController","sendFromQrToUser","id/boga/mybogaapp/features/campaign/CampaignController.java:101","None declared at handler; method is permitAll in SecurityConfig","","","User-Agent","","userUuid:String (required); url:String (required)","Not declared","","","manual: !Globals.isUserAgentValid(userAgent) && properties.isProductionEnvironment(); manual: !url.equals(settingUrl)","200","400; 401; 404; 406","","","ResponseEntity<Object>","Static source scan; directly called service/helper errors are included when resolvable, but runtime-only errors require integration tests to confirm."
"GET","/api/cms/accounts","AccountCMSController","list","id/boga/mybogaapp/features/account/AccountCMSController.java:39","None declared at handler; method is permitAll in SecurityConfig","","","","","search:String (optional/defaulted); sort:String (optional/defaulted); order:String (optional/defaulted); offset:int (required); limit:int (required)","Not declared","","","","200","400","","","ResponseEntity<Object>","Static source scan; directly called service/helper errors are included when resolvable, but runtime-only errors require integration tests to confirm."
"GET","/api/cms/accounts/{id}","AccountCMSController","getAccount","id/boga/mybogaapp/features/account/AccountCMSController.java:231","None declared at handler; method is permitAll in SecurityConfig","","","","id:int","","/{id}","","","","200","400","","","ResponseEntity<Object>","Static source scan; directly called service/helper errors are included when resolvable, but runtime-only errors require integration tests to confirm."
"POST","/api/cms/accounts/{id}","AccountCMSController","updateAccount","id/boga/mybogaapp/features/account/AccountCMSController.java:249","None declared at handler; method is permitAll in SecurityConfig","","","","id:int","","application/json","String (raw request body; schema not statically declared)","String (raw request body; schema not statically declared)","manual: brandList.size()>0) brand = brandStr.substring(0, brandStr.length() - 1); }else{ brand = reqMap.get(""brand"").toString(); } String outlet = reqMap.get(""outlet"").toString(); int updateRslt = accountCmsSvc.updateAccount(id, brand, outlet); log.info(logTitle + ""AccountId[{}], Rslt[{}], Processed in [{} ","201","400","","","ResponseEntity<Object>","Static source scan; directly called service/helper errors are included when resolvable, but runtime-only errors require integration tests to confirm. Raw String body has no declared DTO schema."
"POST","/api/cms/accounts/{id}/available","AccountCMSController","updateAvailable","id/boga/mybogaapp/features/account/AccountCMSController.java:67","None declared at handler; method is permitAll in SecurityConfig","","","","id:int","","application/json","String (raw request body; schema not statically declared)","String (raw request body; schema not statically declared)","","201","400","","","ResponseEntity<Object>","Static source scan; directly called service/helper errors are included when resolvable, but runtime-only errors require integration tests to confirm. Raw String body has no declared DTO schema."
"POST","/api/cms/accounts/{id}/role","AccountCMSController","updateAccountRole","id/boga/mybogaapp/features/account/AccountCMSController.java:114","None declared at handler; method is permitAll in SecurityConfig","","","","id:int","","application/json","String (raw request body; schema not statically declared)","String (raw request body; schema not statically declared)","","201","400","","","ResponseEntity<Object>","Static source scan; directly called service/helper errors are included when resolvable, but runtime-only errors require integration tests to confirm. Raw String body has no declared DTO schema."
"GET","/api/cms/accounts/access/name","AccountCMSController","getAccessNameByCode","id/boga/mybogaapp/features/account/AccountCMSController.java:102","None declared at handler; method is permitAll in SecurityConfig","","","","","code:String (required)","/access/name","","","","200","400","","","ResponseEntity<Object>","Static source scan; directly called service/helper errors are included when resolvable, but runtime-only errors require integration tests to confirm."
"GET","/api/cms/accounts/all_access","AccountCMSController","getAllAccess","id/boga/mybogaapp/features/account/AccountCMSController.java:88","None declared at handler; method is permitAll in SecurityConfig","","","","","","/all_access","","","","200","400","","","ResponseEntity<Object>","Static source scan; directly called service/helper errors are included when resolvable, but runtime-only errors require integration tests to confirm."
"GET","/api/cms/accounts/roles","AccountCMSController","allRoles","id/boga/mybogaapp/features/account/AccountCMSController.java:135","None declared at handler; method is permitAll in SecurityConfig","","","","","","Not declared","","","","200","400","","","ResponseEntity<Object>","Static source scan; directly called service/helper errors are included when resolvable, but runtime-only errors require integration tests to confirm."
"POST","/api/cms/accounts/roles","AccountCMSController","createRole","id/boga/mybogaapp/features/account/AccountCMSController.java:156","None declared at handler; method is permitAll in SecurityConfig","","","","","","application/json","AccountRole","id:int; name:String; access:String","manual: req.getName() == null || req.getName().equals("""") || req.getAccess() == null || req.getAccess().equals("""")","201","400","","","ResponseEntity<Object>","Static source scan; directly called service/helper errors are included when resolvable, but runtime-only errors require integration tests to confirm."
"GET","/api/cms/accounts/roles/{id}","AccountCMSController","getRole","id/boga/mybogaapp/features/account/AccountCMSController.java:214","None declared at handler; method is permitAll in SecurityConfig","","","","id:int","","/roles/{id}","","","","200","400","","","ResponseEntity<Object>","Static source scan; directly called service/helper errors are included when resolvable, but runtime-only errors require integration tests to confirm."
"POST","/api/cms/accounts/roles/{id}","AccountCMSController","updateRole","id/boga/mybogaapp/features/account/AccountCMSController.java:185","None declared at handler; method is permitAll in SecurityConfig","","","","id:int","","/roles/{id}","AccountRole","id:int; name:String; access:String","manual: req.getName() == null || req.getName().equals("""") || req.getAccess() == null || req.getAccess().equals("""")","201","400","","","ResponseEntity<Object>","Static source scan; directly called service/helper errors are included when resolvable, but runtime-only errors require integration tests to confirm."
"GET","/api/cms/activity/log","CmsActivityLogController","list","id/boga/mybogaapp/features/cms/activity/log/CmsActivityLogController.java:53","None declared at handler; method is permitAll in SecurityConfig","","","","","offset:int (required); limit:int (required); search:String (optional/defaulted)","Not declared","","","","200","400","","","ResponseEntity<Object>","Static source scan; directly called service/helper errors are included when resolvable, but runtime-only errors require integration tests to confirm."
"POST","/api/cms/activity/log","CmsActivityLogController","create","id/boga/mybogaapp/features/cms/activity/log/CmsActivityLogController.java:32","None declared at handler; method is permitAll in SecurityConfig","","","","","","application/json","CmsActivityLog","id:String; adminAccountId:int; adminAccountAccess:String; adminAccountAgent:String; clientReqUrl:String; serverReqUrl:String; reqPayload:String; isSuccessed:Boolean; notes:String; regDt:String","","201","400","","","ResponseEntity<Object>","Static source scan; directly called service/helper errors are included when resolvable, but runtime-only errors require integration tests to confirm."
"GET","/api/cms/banner/delivery","BannerDeliveryCmsController","list","id/boga/mybogaapp/features/banner/BannerDeliveryCmsController.java:57","None declared at handler; method is permitAll in SecurityConfig","","","","","search:String (optional/defaulted); sort:String (optional/defaulted); order:String (optional/defaulted); offset:int (required); limit:int (required)","Not declared","","","","200","","","","ResponseEntity<Object>","Static source scan; directly called service/helper errors are included when resolvable, but runtime-only errors require integration tests to confirm."
"POST","/api/cms/banner/delivery","BannerDeliveryCmsController","create","id/boga/mybogaapp/features/banner/BannerDeliveryCmsController.java:34","None declared at handler; method is permitAll in SecurityConfig","","","","","","application/json","BannerDelivery","id:int; imageSrc:String; imageUrl:String; description:String; orderPosition:String; isActive:Boolean; startDt:Date; endDt:Date; regDt:Date; modDt:Date","","201","400","","","ResponseEntity<Object>","Static source scan; directly called service/helper errors are included when resolvable, but runtime-only errors require integration tests to confirm."
"GET","/api/cms/banner/delivery/{id}","BannerDeliveryCmsController","detail","id/boga/mybogaapp/features/banner/BannerDeliveryCmsController.java:75","None declared at handler; method is permitAll in SecurityConfig","","","","id:int","","/{id}","","","","201","400","","","ResponseEntity<Object>","Static source scan; directly called service/helper errors are included when resolvable, but runtime-only errors require integration tests to confirm."
"PUT","/api/cms/banner/delivery/{id}","BannerDeliveryCmsController","update","id/boga/mybogaapp/features/banner/BannerDeliveryCmsController.java:98","None declared at handler; method is permitAll in SecurityConfig","","","","id:int","","/{id}","BannerDelivery","id:int; imageSrc:String; imageUrl:String; description:String; orderPosition:String; isActive:Boolean; startDt:Date; endDt:Date; regDt:Date; modDt:Date","","201","400","","","ResponseEntity<Object>","Static source scan; directly called service/helper errors are included when resolvable, but runtime-only errors require integration tests to confirm."
"GET","/api/cms/brands","BrandCMSController","list","id/boga/mybogaapp/features/brand/BrandCMSController.java:30","None declared at handler; method is permitAll in SecurityConfig","","","","","","Not declared","","","","200","400","","","ResponseEntity<Object>","Static source scan; directly called service/helper errors are included when resolvable, but runtime-only errors require integration tests to confirm."
"POST","/api/cms/brands","BrandCMSController","create","id/boga/mybogaapp/features/brand/BrandCMSController.java:112","None declared at handler; method is permitAll in SecurityConfig","","","","","","application/json","BrandCms","BrandCms","","201","400","","","ResponseEntity<Object>","Static source scan; directly called service/helper errors are included when resolvable, but runtime-only errors require integration tests to confirm."
"GET","/api/cms/brands/{brandId}","BrandCMSController","detail","id/boga/mybogaapp/features/brand/BrandCMSController.java:94","None declared at handler; method is permitAll in SecurityConfig","","","","brandId:int","","Not declared","","","","200","400","","","ResponseEntity<Object>","Static source scan; directly called service/helper errors are included when resolvable, but runtime-only errors require integration tests to confirm."
"POST","/api/cms/brands/{brandId}","BrandCMSController","update","id/boga/mybogaapp/features/brand/BrandCMSController.java:137","None declared at handler; method is permitAll in SecurityConfig","","","","brandId:int","","application/json","Brand","id:int; brandCategoryId:int; displayOrder:int; available:Boolean; availableEsb:Boolean; uuid:String; name:String; introduction:String; logoImage:String; logoSmallImage:String; mapPinImage:String; tagLine:String; website:String; instagram:String; facebook:String; tiktok:String; instagramMy:String; facebookMy:String; menuSite:String; regDt:String; modDt:String","","201","400","","","ResponseEntity<Object>","Static source scan; directly called service/helper errors are included when resolvable, but runtime-only errors require integration tests to confirm."
"GET","/api/cms/brands/group","BrandCMSController","groupList","id/boga/mybogaapp/features/brand/BrandCMSController.java:70","None declared at handler; method is permitAll in SecurityConfig","","","","","company:String (optional/defaulted)","Not declared","","","manual: company.equals(""BOGA""); manual: company.equals(""FRANCHISE"")","200","400","","","ResponseEntity<Object>","Static source scan; directly called service/helper errors are included when resolvable, but runtime-only errors require integration tests to confirm."
"GET","/api/cms/brands/minimum","BrandCMSController","minimumInfoList","id/boga/mybogaapp/features/brand/BrandCMSController.java:52","None declared at handler; method is permitAll in SecurityConfig","","","","","","Not declared","","","","200","400","","","ResponseEntity<Object>","Static source scan; directly called service/helper errors are included when resolvable, but runtime-only errors require integration tests to confirm."
"GET","/api/cms/campaigns","CampaignCMSController","list","id/boga/mybogaapp/features/campaign/CampaignCMSController.java:30","None declared at handler; method is permitAll in SecurityConfig","","","","","search:String (optional/defaulted); sort:String (optional/defaulted); order:String (optional/defaulted); offset:int (required); limit:int (required)","Not declared","","","","200","400","","","ResponseEntity<Object>","Static source scan; directly called service/helper errors are included when resolvable, but runtime-only errors require integration tests to confirm."
"POST","/api/cms/campaigns","CampaignCMSController","create","id/boga/mybogaapp/features/campaign/CampaignCMSController.java:67","None declared at handler; method is permitAll in SecurityConfig","","","","","","application/json","CampaignRequest","availableCoupons:String","manual: campaign.getCategory().equals(""COUPON"") && (campaign.getAvailableCoupons() == null || campaign.getAvailableCoupons().equals(""""))","201","400","","","ResponseEntity<?>","Static source scan; directly called service/helper errors are included when resolvable, but runtime-only errors require integration tests to confirm."
"GET","/api/cms/campaigns/{campaignId}","CampaignCMSController","detail","id/boga/mybogaapp/features/campaign/CampaignCMSController.java:113","None declared at handler; method is permitAll in SecurityConfig","","","","campaignId:int","","/{campaignId}","","","","200","400","","","ResponseEntity<?>","Static source scan; directly called service/helper errors are included when resolvable, but runtime-only errors require integration tests to confirm."
"POST","/api/cms/campaigns/{campaignId}","CampaignCMSController","update","id/boga/mybogaapp/features/campaign/CampaignCMSController.java:129","None declared at handler; method is permitAll in SecurityConfig","","","","campaignId:int","","/{campaignId}","CampaignRequest","availableCoupons:String","","201","400","","","ResponseEntity<?>","Static source scan; directly called service/helper errors are included when resolvable, but runtime-only errors require integration tests to confirm."
"POST","/api/cms/campaigns/{id}/status","CampaignCMSController","setActive","id/boga/mybogaapp/features/campaign/CampaignCMSController.java:93","None declared at handler; method is permitAll in SecurityConfig","","","","id:int","","application/json","String (raw request body; schema not statically declared)","String (raw request body; schema not statically declared)","","201","400","","","ResponseEntity<Object>","Static source scan; directly called service/helper errors are included when resolvable, but runtime-only errors require integration tests to confirm. Raw String body has no declared DTO schema."
"GET","/api/cms/campaigns/categories","CampaignCMSController","categories","id/boga/mybogaapp/features/campaign/CampaignCMSController.java:58","None declared at handler; method is permitAll in SecurityConfig","","","","","","Not declared","","","","200","400","","","ResponseEntity<Object>","Static source scan; directly called service/helper errors are included when resolvable, but runtime-only errors require integration tests to confirm."
"GET","/api/cms/country","CountryCMSController","countryList","id/boga/mybogaapp/features/country/CountryCMSController.java:50","None declared at handler; method is permitAll in SecurityConfig","","","","","","Not declared","","","","200","400","","","ResponseEntity<Object>","Static source scan; directly called service/helper errors are included when resolvable, but runtime-only errors require integration tests to confirm."
"GET","/api/cms/country/minimum_Info","CountryCMSController","countryListByBrand","id/boga/mybogaapp/features/country/CountryCMSController.java:30","None declared at handler; method is permitAll in SecurityConfig","","","","","brand_id:String (optional/defaulted)","Not declared","","","","200","400","","","ResponseEntity<Object>","Static source scan; directly called service/helper errors are included when resolvable, but runtime-only errors require integration tests to confirm."
"POST","/api/cms/coupon","CouponCMSController","createCoupon","id/boga/mybogaapp/features/coupon/CouponCMSController.java:372","None declared at handler; method is permitAll in SecurityConfig","","","","","","application/json","CouponCreateReq","tncs:List<CouponTnc>{id:int; couponId:int; priority:int; content:String}; availableWeekdays:String; availableOutletIds:String; menuCode:String; startTime:String; endTime:String","","201","400","","","ResponseEntity<Object>","Static source scan; directly called service/helper errors are included when resolvable, but runtime-only errors require integration tests to confirm."
"GET","/api/cms/coupon-flash-sale","CouponFlashSaleCMSController","list","id/boga/mybogaapp/features/coupon/CouponFlashSaleCMSController.java:41","None declared at handler; method is permitAll in SecurityConfig","","","","","offset:int (required); limit:int (required); sort:String (optional/defaulted); order:String (optional/defaulted); search:String (optional/defaulted); startDate:String (optional/defaulted); endDate:String (optional/defaulted)","Not declared","","","","200","400","","","ResponseEntity<Object>","Static source scan; directly called service/helper errors are included when resolvable, but runtime-only errors require integration tests to confirm."
"POST","/api/cms/coupon-flash-sale","CouponFlashSaleCMSController","create","id/boga/mybogaapp/features/coupon/CouponFlashSaleCMSController.java:84","None declared at handler; method is permitAll in SecurityConfig","","","","","","application/json","String (raw request body; schema not statically declared)","String (raw request body; schema not statically declared)","","201","400","","","ResponseEntity<Object>","Static source scan; directly called service/helper errors are included when resolvable, but runtime-only errors require integration tests to confirm. Raw String body has no declared DTO schema."
"POST","/api/cms/coupon-flash-sale/update","CouponFlashSaleCMSController","update","id/boga/mybogaapp/features/coupon/CouponFlashSaleCMSController.java:128","None declared at handler; method is permitAll in SecurityConfig","","","","","","application/json","CouponFlashSale","id:String; couponId:Integer; segmented:String; startDate:String; endDate:String; startTime:String; endTime:String; quotaQty:Integer; maxCouponPurchase:Integer; regDt:String; createdBy:String","","201","400","","","ResponseEntity<Object>","Static source scan; directly called service/helper errors are included when resolvable, but runtime-only errors require integration tests to confirm."
"POST","/api/cms/coupon-upload","CouponUploadCMSController","uploadCoupon","id/boga/mybogaapp/features/coupon/CouponUploadCMSController.java:42","None declared at handler; method is permitAll in SecurityConfig","","","","","","multipart/form-data","String (raw request body; schema not statically declared); MultipartFile[]","String (raw request body; schema not statically declared) | MultipartFile[]","manual: rslt == files.length","201","400","","Terjadi kesalahan sistem. Silakan coba lagi nanti.","ResponseEntity<Object>","Static source scan; directly called service/helper errors are included when resolvable, but runtime-only errors require integration tests to confirm. Raw String body has no declared DTO schema."
"GET","/api/cms/coupon-upload/history","CouponUploadCMSController","uploadCouponHistory","id/boga/mybogaapp/features/coupon/CouponUploadCMSController.java:87","None declared at handler; method is permitAll in SecurityConfig","","","","","offset:int (required); limit:int (required); sort:String (optional/defaulted); order:String (optional/defaulted); search:String (optional/defaulted); status:String (optional/defaulted); startDate:String (optional/defaulted); endDate:String (optional/defaulted)","Not declared","","","","200","400","","","ResponseEntity<Object>","Static source scan; directly called service/helper errors are included when resolvable, but runtime-only errors require integration tests to confirm."
"GET","/api/cms/coupon-upload/history/excel","CouponUploadCMSController","uploadCouponHistory","id/boga/mybogaapp/features/coupon/CouponUploadCMSController.java:87","None declared at handler; method is permitAll in SecurityConfig","","","","","offset:int (required); limit:int (required); sort:String (optional/defaulted); order:String (optional/defaulted); search:String (optional/defaulted); status:String (optional/defaulted); startDate:String (optional/defaulted); endDate:String (optional/defaulted)","Not declared","","","","200","400","","","ResponseEntity<Object>","Static source scan; directly called service/helper errors are included when resolvable, but runtime-only errors require integration tests to confirm."
"POST","/api/cms/coupon-upload/segmented","CouponUploadCMSController","uploadCouponSegmented","id/boga/mybogaapp/features/coupon/CouponUploadCMSController.java:127","None declared at handler; method is permitAll in SecurityConfig","","","","","","multipart/form-data","String (raw request body; schema not statically declared); MultipartFile[]","String (raw request body; schema not statically declared) | MultipartFile[]","manual: rslt == files.length","201","400","","Terjadi kesalahan sistem. Silakan coba lagi nanti.","ResponseEntity<Object>","Static source scan; directly called service/helper errors are included when resolvable, but runtime-only errors require integration tests to confirm. Raw String body has no declared DTO schema."
"GET","/api/cms/coupon-upload/segmented/history","CouponUploadCMSController","uploadCouponSegmentedHistory","id/boga/mybogaapp/features/coupon/CouponUploadCMSController.java:173","None declared at handler; method is permitAll in SecurityConfig","","","","","offset:int (required); limit:int (required); sort:String (optional/defaulted); order:String (optional/defaulted); search:String (optional/defaulted); status:String (optional/defaulted); startDate:String (optional/defaulted); endDate:String (optional/defaulted)","Not declared","","","","200","400","","","ResponseEntity<Object>","Static source scan; directly called service/helper errors are included when resolvable, but runtime-only errors require integration tests to confirm."
"GET","/api/cms/coupon-upload/segmented/history/excel","CouponUploadCMSController","uploadCouponSegmentedHistory","id/boga/mybogaapp/features/coupon/CouponUploadCMSController.java:173","None declared at handler; method is permitAll in SecurityConfig","","","","","offset:int (required); limit:int (required); sort:String (optional/defaulted); order:String (optional/defaulted); search:String (optional/defaulted); status:String (optional/defaulted); startDate:String (optional/defaulted); endDate:String (optional/defaulted)","Not declared","","","","200","400","","","ResponseEntity<Object>","Static source scan; directly called service/helper errors are included when resolvable, but runtime-only errors require integration tests to confirm."
"GET","/api/cms/coupon/{couponId}","CouponCMSController","detail","id/boga/mybogaapp/features/coupon/CouponCMSController.java:315","None declared at handler; method is permitAll in SecurityConfig","","","","couponId:int","","Not declared","","","","200","400","","","ResponseEntity<Object>","Static source scan; directly called service/helper errors are included when resolvable, but runtime-only errors require integration tests to confirm."
"POST","/api/cms/coupon/{couponId}","CouponCMSController","update","id/boga/mybogaapp/features/coupon/CouponCMSController.java:423","None declared at handler; method is permitAll in SecurityConfig","","","","couponId:int","","application/json","CouponCreateReq","tncs:List<CouponTnc>{id:int; couponId:int; priority:int; content:String}; availableWeekdays:String; availableOutletIds:String; menuCode:String; startTime:String; endTime:String","","201","400","","","ResponseEntity<Object>","Static source scan; directly called service/helper errors are included when resolvable, but runtime-only errors require integration tests to confirm."
"GET","/api/cms/coupon/{couponId}/pin","CouponCMSController","couponPinList","id/boga/mybogaapp/features/coupon/CouponCMSController.java:515","None declared at handler; method is permitAll in SecurityConfig","","","","couponId:int","offset:int (required); limit:int (required)","Not declared","","","","200","400","","","ResponseEntity<Object>","Static source scan; directly called service/helper errors are included when resolvable, but runtime-only errors require integration tests to confirm."
"PUT","/api/cms/coupon/activate/{id}","CouponCMSController","activate","id/boga/mybogaapp/features/coupon/CouponCMSController.java:538","None declared at handler; method is permitAll in SecurityConfig","","","","id:int","","Not declared","","","","201","400","","","ResponseEntity<Object>","Static source scan; directly called service/helper errors are included when resolvable, but runtime-only errors require integration tests to confirm."
"GET","/api/cms/coupon/birthday","CouponCMSController","list","id/boga/mybogaapp/features/coupon/CouponCMSController.java:116","None declared at handler; method is permitAll in SecurityConfig","","","","","brand_id:int (required); search:String (optional/defaulted); sort:String (optional/defaulted); order:String (optional/defaulted); offset:int (required); limit:int (required)","Not declared","","","","200","400","","","ResponseEntity<Object>","Static source scan; directly called service/helper errors are included when resolvable, but runtime-only errors require integration tests to confirm."
"GET","/api/cms/coupon/code","CouponCMSController","couponCodeList","id/boga/mybogaapp/features/coupon/CouponCMSController.java:603","None declared at handler; method is permitAll in SecurityConfig","","","","","offset:int (required); limit:int (required); sort:String (optional/defaulted); order:String (optional/defaulted); search:String (optional/defaulted); startDate:String (optional/defaulted); endDate:String (optional/defaulted); status:String (optional/defaulted)","Not declared","","","","200","400","","","ResponseEntity<Object>","Static source scan; directly called service/helper errors are included when resolvable, but runtime-only errors require integration tests to confirm."
"GET","/api/cms/coupon/code/excel","CouponCMSController","couponCodeList","id/boga/mybogaapp/features/coupon/CouponCMSController.java:603","None declared at handler; method is permitAll in SecurityConfig","","","","","offset:int (required); limit:int (required); sort:String (optional/defaulted); order:String (optional/defaulted); search:String (optional/defaulted); startDate:String (optional/defaulted); endDate:String (optional/defaulted); status:String (optional/defaulted)","Not declared","","","","200","400","","","ResponseEntity<Object>","Static source scan; directly called service/helper errors are included when resolvable, but runtime-only errors require integration tests to confirm."
"GET","/api/cms/coupon/config/{couponId}","CouponConfigCMSController","detail","id/boga/mybogaapp/features/coupon/CouponConfigCMSController.java:69","None declared at handler; method is permitAll in SecurityConfig","","","","couponId:int","","Not declared","","","","200","400","","","ResponseEntity<Object>","Static source scan; directly called service/helper errors are included when resolvable, but runtime-only errors require integration tests to confirm."
"POST","/api/cms/coupon/config/{couponId}","CouponConfigCMSController","update","id/boga/mybogaapp/features/coupon/CouponConfigCMSController.java:88","None declared at handler; method is permitAll in SecurityConfig","","","","couponId:int","","application/json","CouponConfigCreateReq","id:int; brandId:String; brandIdSource:String; outletIdSource:String; outletId:String; minimumPurchase:double; minTransAmount:double; transactionType:String; available:boolean; tncs:List<CouponTnc>{id:int; couponId:int; priority:int; content:String}; chainlinkId:Long; expiryDays:int; startDt:Date; endDt:Date; maximumDiscount:int; maxCombineQty:int; availableWeekdays:String; availableOutletIds:String; availableOutletSourceIds:String; availableTierLevels:String","","201","400","","","ResponseEntity<Object>","Static source scan; directly called service/helper errors are included when resolvable, but runtime-only errors require integration tests to confirm."
"PUT","/api/cms/coupon/config/activate/{id}","CouponConfigCMSController","activate","id/boga/mybogaapp/features/coupon/CouponConfigCMSController.java:236","None declared at handler; method is permitAll in SecurityConfig","","","","id:int","","Not declared","","","manual: row.getId() == id","201","400","","","ResponseEntity<Object>","Static source scan; directly called service/helper errors are included when resolvable, but runtime-only errors require integration tests to confirm."
"GET","/api/cms/coupon/config/check","CouponConfigCMSController","check","id/boga/mybogaapp/features/coupon/CouponConfigCMSController.java:111","None declared at handler; method is permitAll in SecurityConfig","","","","","brand_id:String (required); outlet_id:String (optional/defaulted); start_date:String (optional/defaulted); end_date:String (optional/defaulted); transaction_type:String (optional/defaulted)","Not declared","","","manual: outletId == null","200","400","","","ResponseEntity<Object>","Static source scan; directly called service/helper errors are included when resolvable, but runtime-only errors require integration tests to confirm."
"GET","/api/cms/coupon/config/check_id/{id}","CouponConfigCMSController","checkId","id/boga/mybogaapp/features/coupon/CouponConfigCMSController.java:156","None declared at handler; method is permitAll in SecurityConfig","","","","id:int","","Not declared","","","manual: row.getId() == id","200","400","","","ResponseEntity<Object>","Static source scan; directly called service/helper errors are included when resolvable, but runtime-only errors require integration tests to confirm."
"PUT","/api/cms/coupon/config/inactivate/{id}","CouponConfigCMSController","inactivate","id/boga/mybogaapp/features/coupon/CouponConfigCMSController.java:281","None declared at handler; method is permitAll in SecurityConfig","","","","id:int","","Not declared","","","","201","400","","","ResponseEntity<Object>","Static source scan; directly called service/helper errors are included when resolvable, but runtime-only errors require integration tests to confirm."
"GET","/api/cms/coupon/config/paging","CouponConfigCMSController","paging","id/boga/mybogaapp/features/coupon/CouponConfigCMSController.java:209","None declared at handler; method is permitAll in SecurityConfig","","","","","search:String (optional/defaulted); sort:String (optional/defaulted); order:String (optional/defaulted); offset:int (required); limit:int (required)","Not declared","","","","200","400","","","ResponseEntity<Object>","Static source scan; directly called service/helper errors are included when resolvable, but runtime-only errors require integration tests to confirm."
"POST","/api/cms/coupon/config/store","CouponConfigCMSController","create","id/boga/mybogaapp/features/coupon/CouponConfigCMSController.java:49","None declared at handler; method is permitAll in SecurityConfig","","","","","","application/json","List<CouponConfig>","id:int; brandId:String; brandIdSource:String; outletIdSource:String; couponId:int; outletId:String; expiryDays:int; minSpendAmount:double; minTransAmount:double; transactionType:String; startDt:Date; endDt:Date; isActive:boolean; regDt:Date; modDt:Date; tncs:List<CouponTnc>{id:int; couponId:int; priority:int; content:String}; chainlinkId:Long; availableTierLevels:String; maximumDiscount:int; menuCode:String; startTime:String; endTime:String; maxCombineQty:int","","201","400","","","ResponseEntity<Object>","Static source scan; directly called service/helper errors are included when resolvable, but runtime-only errors require integration tests to confirm."
"POST","/api/cms/coupon/generate-code","CouponCMSController","generateCouponCode","id/boga/mybogaapp/features/coupon/CouponCMSController.java:576","None declared at handler; method is permitAll in SecurityConfig","","","","","","application/json","String (raw request body; schema not statically declared)","String (raw request body; schema not statically declared)","","201","400","","","ResponseEntity<Object>","Static source scan; directly called service/helper errors are included when resolvable, but runtime-only errors require integration tests to confirm. Raw String body has no declared DTO schema."
"GET","/api/cms/coupon/groupByBrand","CouponCMSController","available","id/boga/mybogaapp/features/coupon/CouponCMSController.java:483","None declared at handler; method is permitAll in SecurityConfig","","","","","","Not declared","","","","200","400","","","ResponseEntity<Object>","Static source scan; directly called service/helper errors are included when resolvable, but runtime-only errors require integration tests to confirm."
"GET","/api/cms/coupon/groupByBrandDetailCampaign","CouponCMSController","groupByBrandDetailCampaign","id/boga/mybogaapp/features/coupon/CouponCMSController.java:499","None declared at handler; method is permitAll in SecurityConfig","","","","","campaignId:int (required)","Not declared","","","","200","400","","","ResponseEntity<Object>","Static source scan; directly called service/helper errors are included when resolvable, but runtime-only errors require integration tests to confirm."
"PUT","/api/cms/coupon/inactivate/{id}","CouponCMSController","inactivate","id/boga/mybogaapp/features/coupon/CouponCMSController.java:557","None declared at handler; method is permitAll in SecurityConfig","","","","id:int","","Not declared","","","","201","400","","","ResponseEntity<Object>","Static source scan; directly called service/helper errors are included when resolvable, but runtime-only errors require integration tests to confirm."
"GET","/api/cms/coupon/inject-coupon","CouponCMSController","injectCouponList","id/boga/mybogaapp/features/coupon/CouponCMSController.java:815","None declared at handler; method is permitAll in SecurityConfig","","","","","offset:int (required); limit:int (required); sort:String (optional/defaulted); order:String (optional/defaulted); search:String (optional/defaulted); startDate:String (optional/defaulted); endDate:String (optional/defaulted)","Not declared","","","","200","400","","","ResponseEntity<Object>","Static source scan; directly called service/helper errors are included when resolvable, but runtime-only errors require integration tests to confirm."
"GET","/api/cms/coupon/inject-coupon/excel","CouponCMSController","injectCouponList","id/boga/mybogaapp/features/coupon/CouponCMSController.java:815","None declared at handler; method is permitAll in SecurityConfig","","","","","offset:int (required); limit:int (required); sort:String (optional/defaulted); order:String (optional/defaulted); search:String (optional/defaulted); startDate:String (optional/defaulted); endDate:String (optional/defaulted)","Not declared","","","","200","400","","","ResponseEntity<Object>","Static source scan; directly called service/helper errors are included when resolvable, but runtime-only errors require integration tests to confirm."
"GET","/api/cms/coupon/inject-coupon/limit","CouponCMSController","injectCouponLimit","id/boga/mybogaapp/features/coupon/CouponCMSController.java:853","None declared at handler; method is permitAll in SecurityConfig","","","","","","Not declared","","","","200","400","","","ResponseEntity<Object>","Static source scan; directly called service/helper errors are included when resolvable, but runtime-only errors require integration tests to confirm."
"POST","/api/cms/coupon/inject-coupon/upload","CouponCMSController","uploadInjectCoupon","id/boga/mybogaapp/features/coupon/CouponCMSController.java:757","None declared at handler; method is permitAll in SecurityConfig","","","","","","application/json","String (raw request body; schema not statically declared)","String (raw request body; schema not statically declared)","","201","400","","","ResponseEntity<Object>","Static source scan; directly called service/helper errors are included when resolvable, but runtime-only errors require integration tests to confirm. Raw String body has no declared DTO schema."
"POST","/api/cms/coupon/insert/user-couponcode","CouponCMSController","insertUserCouponCode","id/boga/mybogaapp/features/coupon/CouponCMSController.java:643","API/client/secret key (handler-level)","X-WEBAPP-Key","","X-WEBAPP-Key","","","application/json","String (raw request body; schema not statically declared)","String (raw request body; schema not statically declared)","manual: !apiKeyProperties.equals(apiKey)","201","400","","Bad Request","ResponseEntity<Object>","Static source scan; directly called service/helper errors are included when resolvable, but runtime-only errors require integration tests to confirm. Raw String body has no declared DTO schema."
"GET","/api/cms/coupon/membership_tier","CouponCMSController","list","id/boga/mybogaapp/features/coupon/CouponCMSController.java:116","None declared at handler; method is permitAll in SecurityConfig","","","","","brand_id:int (required); search:String (optional/defaulted); sort:String (optional/defaulted); order:String (optional/defaulted); offset:int (required); limit:int (required)","Not declared","","","","200","400","","","ResponseEntity<Object>","Static source scan; directly called service/helper errors are included when resolvable, but runtime-only errors require integration tests to confirm."
"GET","/api/cms/coupon/meta","CouponMetaCMSController","list","id/boga/mybogaapp/features/coupon/CouponMetaCMSController.java:84","None declared at handler; method is permitAll in SecurityConfig","","","","","brand_id:int (required); search:String (optional/defaulted); transactionType:String (optional/defaulted); sort:String (optional/defaulted); order:String (optional/defaulted); offset:int (required); limit:int (required); available_only:boolean (optional/defaulted)","Not declared","","","","200","400","","","ResponseEntity<Object>","Static source scan; directly called service/helper errors are included when resolvable, but runtime-only errors require integration tests to confirm."
"POST","/api/cms/coupon/meta","CouponMetaCMSController","create","id/boga/mybogaapp/features/coupon/CouponMetaCMSController.java:113","None declared at handler; method is permitAll in SecurityConfig","","","","","","application/json","CouponMetaCreateReq","condition:CouponCondition{id:int; value:double; name:String}","","201","400","","","ResponseEntity<Object>","Static source scan; directly called service/helper errors are included when resolvable, but runtime-only errors require integration tests to confirm."
"GET","/api/cms/coupon/meta/{couponMetaId}","CouponMetaCMSController","detail","id/boga/mybogaapp/features/coupon/CouponMetaCMSController.java:133","None declared at handler; method is permitAll in SecurityConfig","","","","couponMetaId:int","","Not declared","","","","200","400","","","ResponseEntity<Object>","Static source scan; directly called service/helper errors are included when resolvable, but runtime-only errors require integration tests to confirm."
"POST","/api/cms/coupon/meta/{couponMetaId}","CouponMetaCMSController","update","id/boga/mybogaapp/features/coupon/CouponMetaCMSController.java:151","None declared at handler; method is permitAll in SecurityConfig","","","","couponMetaId:int","","application/json","CouponMeta","id:int; brandId:String; couponConditionId:int; price:double; title:String; description:String; descriptionBullets:String; transactionType:String; image:String; productName:String; productCode:String; productId:String; available:Boolean; regDt:String; countryId:int; secretPromoCode:String","","201","400","","","ResponseEntity<Object>","Static source scan; directly called service/helper errors are included when resolvable, but runtime-only errors require integration tests to confirm."
"GET","/api/cms/coupon/meta/minimum_info","CouponMetaCMSController","minimumInfoList","id/boga/mybogaapp/features/coupon/CouponMetaCMSController.java:32","None declared at handler; method is permitAll in SecurityConfig","","","","","brand_id:int (required)","Not declared","","","","200","400","","","ResponseEntity<Object>","Static source scan; directly called service/helper errors are included when resolvable, but runtime-only errors require integration tests to confirm."
"GET","/api/cms/coupon/meta/minimum_info_by_country","CouponMetaCMSController","minimumInfoListByCountry","id/boga/mybogaapp/features/coupon/CouponMetaCMSController.java:50","None declared at handler; method is permitAll in SecurityConfig","","","","","brand_id:String (required); country_id:int (required)","Not declared","","","","200","400","","","ResponseEntity<Object>","Static source scan; directly called service/helper errors are included when resolvable, but runtime-only errors require integration tests to confirm."
"GET","/api/cms/coupon/meta/minimum_info_by_outlet","CouponMetaCMSController","minimumInfoListByOutlet","id/boga/mybogaapp/features/coupon/CouponMetaCMSController.java:67","None declared at handler; method is permitAll in SecurityConfig","","","","","outlet_id:String (required); country_id:int (required)","Not declared","","","","200","400","","","ResponseEntity<Object>","Static source scan; directly called service/helper errors are included when resolvable, but runtime-only errors require integration tests to confirm."
"GET","/api/cms/coupon/minimum","CouponCMSController","minimumInfoList","id/boga/mybogaapp/features/coupon/CouponCMSController.java:467","None declared at handler; method is permitAll in SecurityConfig","","","","","brand_id:int (required)","Not declared","","","","200","400","","","ResponseEntity<Object>","Static source scan; directly called service/helper errors are included when resolvable, but runtime-only errors require integration tests to confirm."
"GET","/api/cms/coupon/minimum_info/all","CouponCMSController","promoMinimumInfoListAll","id/boga/mybogaapp/features/coupon/CouponCMSController.java:99","None declared at handler; method is permitAll in SecurityConfig","","","","","","Not declared","","","","200","400","","","ResponseEntity<Object>","Static source scan; directly called service/helper errors are included when resolvable, but runtime-only errors require integration tests to confirm."
"GET","/api/cms/coupon/promos","CouponCMSController","list","id/boga/mybogaapp/features/coupon/CouponCMSController.java:116","None declared at handler; method is permitAll in SecurityConfig","","","","","brand_id:int (required); search:String (optional/defaulted); sort:String (optional/defaulted); order:String (optional/defaulted); offset:int (required); limit:int (required)","Not declared","","","","200","400","","","ResponseEntity<Object>","Static source scan; directly called service/helper errors are included when resolvable, but runtime-only errors require integration tests to confirm."
"GET","/api/cms/coupon/promos/minimum_info","CouponCMSController","promoMinimumInfoList","id/boga/mybogaapp/features/coupon/CouponCMSController.java:79","None declared at handler; method is permitAll in SecurityConfig","","","","","brand_id:int (required)","Not declared","","","","200","400","","","ResponseEntity<Object>","Static source scan; directly called service/helper errors are included when resolvable, but runtime-only errors require integration tests to confirm."
"GET","/api/cms/coupon/promos/send","CouponSendCMSController","list","id/boga/mybogaapp/features/coupon/CouponSendCMSController.java:28","None declared at handler; method is permitAll in SecurityConfig","","","","","search:String (optional/defaulted); offset:int (required); limit:int (required)","Not declared","","","","200","400","","","ResponseEntity<Object>","Static source scan; directly called service/helper errors are included when resolvable, but runtime-only errors require integration tests to confirm."
"POST","/api/cms/coupon/promos/send","CouponSendCMSController","send","id/boga/mybogaapp/features/coupon/CouponSendCMSController.java:53","None declared at handler; method is permitAll in SecurityConfig","","","","","","application/json","CouponPromoSend","id:int; couponId:int; startAge:int; endAge:int; target:int; membershipTierId:int; schedule:boolean; status:char; targetGender:String; scheduleDate:String; scheduleTime:String; script:String; regDt:String","","201","400","","","ResponseEntity<Object>","Static source scan; directly called service/helper errors are included when resolvable, but runtime-only errors require integration tests to confirm."
"GET","/api/cms/coupon/promos/send/{couponPromoSendId}","CouponSendCMSController","detail","id/boga/mybogaapp/features/coupon/CouponSendCMSController.java:89","None declared at handler; method is permitAll in SecurityConfig","","","","couponPromoSendId:int","","Not declared","","","","200","400","","","ResponseEntity<Object>","Static source scan; directly called service/helper errors are included when resolvable, but runtime-only errors require integration tests to confirm."
"POST","/api/cms/coupon/promos/send/{couponPromoSendId}","CouponSendCMSController","update","id/boga/mybogaapp/features/coupon/CouponSendCMSController.java:107","None declared at handler; method is permitAll in SecurityConfig","","","","couponPromoSendId:int","","application/json","CouponPromoSend","id:int; couponId:int; startAge:int; endAge:int; target:int; membershipTierId:int; schedule:boolean; status:char; targetGender:String; scheduleDate:String; scheduleTime:String; script:String; regDt:String","","201","400","","","ResponseEntity<Object>","Static source scan; directly called service/helper errors are included when resolvable, but runtime-only errors require integration tests to confirm."
"POST","/api/cms/coupon/promos/send/user","CouponSendCMSController","sendToUser","id/boga/mybogaapp/features/coupon/CouponSendCMSController.java:71","None declared at handler; method is permitAll in SecurityConfig","","","","","","application/json","CouponSendToOneReq","userId:int; couponId:int; pushNotiScript:String","","201","400","","","ResponseEntity<Object>","Static source scan; directly called service/helper errors are included when resolvable, but runtime-only errors require integration tests to confirm."
"GET","/api/cms/coupon/qr","CouponCMSController","list","id/boga/mybogaapp/features/coupon/CouponCMSController.java:116","None declared at handler; method is permitAll in SecurityConfig","","","","","brand_id:int (required); search:String (optional/defaulted); sort:String (optional/defaulted); order:String (optional/defaulted); offset:int (required); limit:int (required)","Not declared","","","","200","400","","","ResponseEntity<Object>","Static source scan; directly called service/helper errors are included when resolvable, but runtime-only errors require integration tests to confirm."
"GET","/api/cms/coupon/rewards","CouponCMSController","list","id/boga/mybogaapp/features/coupon/CouponCMSController.java:116","None declared at handler; method is permitAll in SecurityConfig","","","","","brand_id:int (required); search:String (optional/defaulted); sort:String (optional/defaulted); order:String (optional/defaulted); offset:int (required); limit:int (required)","Not declared","","","","200","400","","","ResponseEntity<Object>","Static source scan; directly called service/helper errors are included when resolvable, but runtime-only errors require integration tests to confirm."
"GET","/api/cms/coupon/rewards/minimum_info","CouponCMSController","promoMinimumInfoList","id/boga/mybogaapp/features/coupon/CouponCMSController.java:79","None declared at handler; method is permitAll in SecurityConfig","","","","","brand_id:int (required)","Not declared","","","","200","400","","","ResponseEntity<Object>","Static source scan; directly called service/helper errors are included when resolvable, but runtime-only errors require integration tests to confirm."
"GET","/api/cms/coupon/segmented","CouponCMSController","listCouponSegmented","id/boga/mybogaapp/features/coupon/CouponCMSController.java:263","None declared at handler; method is permitAll in SecurityConfig","","","","","offset:int (required); limit:int (required); start_date:String (optional/defaulted); end_date:String (optional/defaulted); search:String (optional/defaulted); sort:String (optional/defaulted); order:String (optional/defaulted)","Not declared","","","","200","400","","","ResponseEntity<Object>","Static source scan; directly called service/helper errors are included when resolvable, but runtime-only errors require integration tests to confirm."
"GET","/api/cms/coupon/segmented/excel","CouponCMSController","listCouponSegmented","id/boga/mybogaapp/features/coupon/CouponCMSController.java:263","None declared at handler; method is permitAll in SecurityConfig","","","","","offset:int (required); limit:int (required); start_date:String (optional/defaulted); end_date:String (optional/defaulted); search:String (optional/defaulted); sort:String (optional/defaulted); order:String (optional/defaulted)","Not declared","","","","200","400","","","ResponseEntity<Object>","Static source scan; directly called service/helper errors are included when resolvable, but runtime-only errors require integration tests to confirm."
"GET","/api/cms/coupon/segmented/limit","CouponCMSController","injectCouponSegmentedLimit","id/boga/mybogaapp/features/coupon/CouponCMSController.java:298","None declared at handler; method is permitAll in SecurityConfig","","","","","","Not declared","","","","200","400","","","ResponseEntity<Object>","Static source scan; directly called service/helper errors are included when resolvable, but runtime-only errors require integration tests to confirm."
"POST","/api/cms/coupon/segmented/upload-excel","CouponCMSController","injectCouponSegmentedByExcel","id/boga/mybogaapp/features/coupon/CouponCMSController.java:185","None declared at handler; method is permitAll in SecurityConfig","","","","","","application/json","String (raw request body; schema not statically declared)","String (raw request body; schema not statically declared)","","201","400","","","ResponseEntity<Object>","Static source scan; directly called service/helper errors are included when resolvable, but runtime-only errors require integration tests to confirm. Raw String body has no declared DTO schema."
"GET","/api/cms/coupon/v2","CouponCMSController","listV2","id/boga/mybogaapp/features/coupon/CouponCMSController.java:149","None declared at handler; method is permitAll in SecurityConfig","","","","","brand_id:int (required); coupon_type:int (required); coupon_type_name:String (optional/defaulted); search:String (optional/defaulted); available_only:boolean (optional/defaulted); transaction_type:String (optional/defaulted); sort:String (optional/defaulted); order:String (optional/defaulted); offset:int (required); limit:int (required)","Not declared","","","","200","400","","","ResponseEntity<Object>","Static source scan; directly called service/helper errors are included when resolvable, but runtime-only errors require integration tests to confirm."
"POST","/api/cms/coupon/v2","CouponCMSController","createCouponV2","id/boga/mybogaapp/features/coupon/CouponCMSController.java:401","None declared at handler; method is permitAll in SecurityConfig","","","","","","application/json","CouponCombineCreateReq","condition:CouponCondition{id:int; value:double; name:String}; couponConditionId:int; title:String; description:String; descriptionBullets:String; image:String; productId:String; productName:String; productCode:String; price:int; metaRegDt:String; secretPromoCode:String; tncs:List<CouponTnc>{id:int; couponId:int; priority:int; content:String}; availableWeekdays:String; availableOutletIds:String; availableTierLevels:String; outletId:String; brandId:String; brandIdSource:String; outletIdSource:String; availableOutletSourceIds:String; toGetTransType:String; isActive:boolean; minTransAmount:int; availableEsb:boolean; outletCode:String; menuCode:String; maximumDiscount:int; promotionDaysID:List<Integer>; promotionCode:String; promotionDesc:String; maxUsageTotalPerCustomer:Integer; maxUsageTotal:Integer; startDateEsb:String; startTime:String; endDateEsb:String; endTime:String","","201","400","","","ResponseEntity<Object>","Static source scan; directly called service/helper errors are included when resolvable, but runtime-only errors require integration tests to confirm."
"GET","/api/cms/coupon/v2/{couponId}","CouponCMSController","detailV2","id/boga/mybogaapp/features/coupon/CouponCMSController.java:334","None declared at handler; method is permitAll in SecurityConfig","","","","couponId:int","","Not declared","","","","200","400","","","ResponseEntity<Object>","Static source scan; directly called service/helper errors are included when resolvable, but runtime-only errors require integration tests to confirm."
"POST","/api/cms/coupon/v2/{couponId}","CouponCMSController","updateV2","id/boga/mybogaapp/features/coupon/CouponCMSController.java:445","None declared at handler; method is permitAll in SecurityConfig","","","","couponId:int","","application/json","CouponCombineCreateReq","condition:CouponCondition{id:int; value:double; name:String}; couponConditionId:int; title:String; description:String; descriptionBullets:String; image:String; productId:String; productName:String; productCode:String; price:int; metaRegDt:String; secretPromoCode:String; tncs:List<CouponTnc>{id:int; couponId:int; priority:int; content:String}; availableWeekdays:String; availableOutletIds:String; availableTierLevels:String; outletId:String; brandId:String; brandIdSource:String; outletIdSource:String; availableOutletSourceIds:String; toGetTransType:String; isActive:boolean; minTransAmount:int; availableEsb:boolean; outletCode:String; menuCode:String; maximumDiscount:int; promotionDaysID:List<Integer>; promotionCode:String; promotionDesc:String; maxUsageTotalPerCustomer:Integer; maxUsageTotal:Integer; startDateEsb:String; startTime:String; endDateEsb:String; endTime:String","","201","400","","","ResponseEntity<Object>","Static source scan; directly called service/helper errors are included when resolvable, but runtime-only errors require integration tests to confirm."
"GET","/api/cms/coupon/v2/flash-sale/{couponId}","CouponCMSController","detailV2FlashSale","id/boga/mybogaapp/features/coupon/CouponCMSController.java:353","None declared at handler; method is permitAll in SecurityConfig","","","","couponId:int","","Not declared","","","","200","400","","","ResponseEntity<Object>","Static source scan; directly called service/helper errors are included when resolvable, but runtime-only errors require integration tests to confirm."
"GET","/api/cms/coupon/welcome","CouponCMSController","list","id/boga/mybogaapp/features/coupon/CouponCMSController.java:116","None declared at handler; method is permitAll in SecurityConfig","","","","","brand_id:int (required); search:String (optional/defaulted); sort:String (optional/defaulted); order:String (optional/defaulted); offset:int (required); limit:int (required)","Not declared","","","","200","400","","","ResponseEntity<Object>","Static source scan; directly called service/helper errors are included when resolvable, but runtime-only errors require integration tests to confirm."
"GET","/api/cms/deeplink","DeeplinkCMSController","list","id/boga/mybogaapp/features/deeplink/DeeplinkCMSController.java:28","None declared at handler; method is permitAll in SecurityConfig","","","","","ads:int (required); source:String (optional/defaulted); startDate:String (optional/defaulted); endDate:String (optional/defaulted); search:String (optional/defaulted); sort:String (optional/defaulted); order:String (optional/defaulted); offset:int (required); limit:int (required)","Not declared","","","","200","400","","","ResponseEntity<Object>","Static source scan; directly called service/helper errors are included when resolvable, but runtime-only errors require integration tests to confirm."
"POST","/api/cms/deeplink","DeeplinkCMSController","create","id/boga/mybogaapp/features/deeplink/DeeplinkCMSController.java:96","None declared at handler; method is permitAll in SecurityConfig","","","","","","application/json","Deeplink","id:int; deeplinkName:String; menuOpt:String; detail:String; universal:boolean; ads:boolean; source:String; campaign:String; deeplink:String; universalLink:String","","201","400","","","ResponseEntity<Object>","Static source scan; directly called service/helper errors are included when resolvable, but runtime-only errors require integration tests to confirm."
"GET","/api/cms/deeplink/{deeplinkId}","DeeplinkCMSController","detail","id/boga/mybogaapp/features/deeplink/DeeplinkCMSController.java:64","None declared at handler; method is permitAll in SecurityConfig","","","","deeplinkId:int","","Not declared","","","","200","400","","","ResponseEntity<Object>","Static source scan; directly called service/helper errors are included when resolvable, but runtime-only errors require integration tests to confirm."
"POST","/api/cms/deeplink/{deeplinkId}","DeeplinkCMSController","update","id/boga/mybogaapp/features/deeplink/DeeplinkCMSController.java:118","None declared at handler; method is permitAll in SecurityConfig","","","","deeplinkId:int","","application/json","Deeplink","id:int; deeplinkName:String; menuOpt:String; detail:String; universal:boolean; ads:boolean; source:String; campaign:String; deeplink:String; universalLink:String","","201","400","","","ResponseEntity<Object>","Static source scan; directly called service/helper errors are included when resolvable, but runtime-only errors require integration tests to confirm."
"GET","/api/cms/deeplink/menu/minimum_info","DeeplinkCMSController","minimumInfoListAll","id/boga/mybogaapp/features/deeplink/DeeplinkCMSController.java:80","None declared at handler; method is permitAll in SecurityConfig","","","","","","Not declared","","","","200","400","","","ResponseEntity<Object>","Static source scan; directly called service/helper errors are included when resolvable, but runtime-only errors require integration tests to confirm."
"POST","/api/cms/marketing-automation/config/create","MarketingCMSController","create","id/boga/mybogaapp/features/marketing_automation/MarketingCMSController.java:311","None declared at handler; method is permitAll in SecurityConfig","","","","","","application/json","ConfigTag","name:String; alias:String; flag:boolean; brandId:int; days:int; frequency:int; value:int; tagFormat:String","","201","400","","","ResponseEntity<Object>","Static source scan; directly called service/helper errors are included when resolvable, but runtime-only errors require integration tests to confirm."
"GET","/api/cms/marketing-automation/config/list","MarketingCMSController","configMarketingList","id/boga/mybogaapp/features/marketing_automation/MarketingCMSController.java:260","None declared at handler; method is permitAll in SecurityConfig","","","","","search:String (required); offset:int (required); limit:int (required)","Not declared","","","","200","400","","","ResponseEntity<Object>","Static source scan; directly called service/helper errors are included when resolvable, but runtime-only errors require integration tests to confirm."
"GET","/api/cms/marketing-automation/config/wa/list","MarketingCMSController","configMarketingWAList","id/boga/mybogaapp/features/marketing_automation/MarketingCMSController.java:285","None declared at handler; method is permitAll in SecurityConfig","","","","","search:String (required); offset:int (required); limit:int (required)","Not declared","","","","200","400","","","ResponseEntity<Object>","Static source scan; directly called service/helper errors are included when resolvable, but runtime-only errors require integration tests to confirm."
"GET","/api/cms/marketing-automation/sp/dormant-data","MarketingCMSController","runDormantSP","id/boga/mybogaapp/features/marketing_automation/MarketingCMSController.java:339","None declared at handler; method is permitAll in SecurityConfig","","","","","","/sp/dormant-data","","","","200","","","","void","Static source scan; directly called service/helper errors are included when resolvable, but runtime-only errors require integration tests to confirm."
"GET","/api/cms/marketing-automation/sp/frequent-user","MarketingCMSController","runFrequentUserSP","id/boga/mybogaapp/features/marketing_automation/MarketingCMSController.java:383","None declared at handler; method is permitAll in SecurityConfig","","","","","","/sp/frequent-user","","","","200","","","","void","Static source scan; directly called service/helper errors are included when resolvable, but runtime-only errors require integration tests to confirm."
"GET","/api/cms/marketing-automation/sp/high-spender","MarketingCMSController","runHighSpenderSP","id/boga/mybogaapp/features/marketing_automation/MarketingCMSController.java:368","None declared at handler; method is permitAll in SecurityConfig","","","","","","/sp/high-spender","","","","200","","","","void","Static source scan; directly called service/helper errors are included when resolvable, but runtime-only errors require integration tests to confirm."
"GET","/api/cms/marketing-automation/sp/new-user-data","MarketingCMSController","runActiveSP","id/boga/mybogaapp/features/marketing_automation/MarketingCMSController.java:353","None declared at handler; method is permitAll in SecurityConfig","","","","","","/sp/new-user-data","","","","200","","","","void","Static source scan; directly called service/helper errors are included when resolvable, but runtime-only errors require integration tests to confirm."
"GET","/api/cms/marketing-automation/tag","MarketingCMSController","userTagList","id/boga/mybogaapp/features/marketing_automation/MarketingCMSController.java:88","None declared at handler; method is permitAll in SecurityConfig","","","","","start_date:String (optional/defaulted); end_date:String (optional/defaulted); tag_filter:String (optional/defaulted)","Not declared","","","","200","400","","","ResponseEntity<Object>","Static source scan; directly called service/helper errors are included when resolvable, but runtime-only errors require integration tests to confirm."
"GET","/api/cms/marketing-automation/tag/copy","MarketingCMSController","userTagListCopy","id/boga/mybogaapp/features/marketing_automation/MarketingCMSController.java:60","None declared at handler; method is permitAll in SecurityConfig","","","","","start_age:int (optional/defaulted); end_age:int (optional/defaulted); gender:String (optional/defaulted); tag_filter:String (optional/defaulted); location_filter:String (optional/defaulted); search:String (optional/defaulted); offset:int (optional/defaulted); limit:int (optional/defaulted)","Not declared","","","","200","400","","","ResponseEntity<Object>","Static source scan; directly called service/helper errors are included when resolvable, but runtime-only errors require integration tests to confirm."
"GET","/api/cms/marketing-automation/tag/minimum","MarketingCMSController","minimumInfoList","id/boga/mybogaapp/features/marketing_automation/MarketingCMSController.java:224","None declared at handler; method is permitAll in SecurityConfig","","","","","","Not declared","","","","200","400","","","ResponseEntity<Object>","Static source scan; directly called service/helper errors are included when resolvable, but runtime-only errors require integration tests to confirm."
"GET","/api/cms/marketing-automation/tag/minimum/location","MarketingCMSController","minimumInfoLocationList","id/boga/mybogaapp/features/marketing_automation/MarketingCMSController.java:242","None declared at handler; method is permitAll in SecurityConfig","","","","","","Not declared","","","","200","400","","","ResponseEntity<Object>","Static source scan; directly called service/helper errors are included when resolvable, but runtime-only errors require integration tests to confirm."
"GET","/api/cms/marketing-automation/wa/schedule/blast","MarketingCMSController","runWaScheduler","id/boga/mybogaapp/features/marketing_automation/MarketingCMSController.java:172","None declared at handler; method is permitAll in SecurityConfig","","","","","","/wa/schedule/blast","","","","200","","","","void","Static source scan; directly called service/helper errors are included when resolvable, but runtime-only errors require integration tests to confirm."
"POST","/api/cms/marketing-automation/wa/send","MarketingCMSController","userTagWABlast","id/boga/mybogaapp/features/marketing_automation/MarketingCMSController.java:121","None declared at handler; method is permitAll in SecurityConfig","","","","","","application/json","UserTagWA","urlImage:String; templateName:String; userPhoneLs:String; userIdLs:String; couponId:int; isScheduled:Boolean; scheduleDate:String; scheduleTime:String","manual: req.getIsScheduled()==true; manual: req.getCouponId()!=0","200","400","","","ResponseEntity<Object>","Static source scan; directly called service/helper errors are included when resolvable, but runtime-only errors require integration tests to confirm."
"GET","/api/cms/membership/tier/benefits","MembershipTierCmsController","allBenefits","id/boga/mybogaapp/features/membership_tier/MembershipTierCmsController.java:71","None declared at handler; method is permitAll in SecurityConfig","","","","","","/benefits","","","","200","400","","","ResponseEntity<?>","Static source scan; directly called service/helper errors are included when resolvable, but runtime-only errors require integration tests to confirm."
"POST","/api/cms/membership/tier/benefits/{id}","MembershipTierCmsController","updateBenefit","id/boga/mybogaapp/features/membership_tier/MembershipTierCmsController.java:89","None declared at handler; method is permitAll in SecurityConfig","","","","id:int","","/benefits/{id}","MembershipTierBenefit","id:int; membershipTierId:int; value:float; title:String; modDt:String","","200","400","","","ResponseEntity<?>","Static source scan; directly called service/helper errors are included when resolvable, but runtime-only errors require integration tests to confirm."
"GET","/api/cms/membership/tier/benefits/detail/{id}","MembershipTierCmsController","getBenefitDetail","id/boga/mybogaapp/features/membership_tier/MembershipTierCmsController.java:145","None declared at handler; method is permitAll in SecurityConfig","","","","id:int","","/benefits/detail/{id}","","","","200","400","","","ResponseEntity<?>","Static source scan; directly called service/helper errors are included when resolvable, but runtime-only errors require integration tests to confirm."
"POST","/api/cms/membership/tier/benefits/detail/{id}","MembershipTierCmsController","updateBenefitTnc","id/boga/mybogaapp/features/membership_tier/MembershipTierCmsController.java:163","None declared at handler; method is permitAll in SecurityConfig","","","","id:int","","/benefits/detail/{id}","String (raw request body; schema not statically declared)","String (raw request body; schema not statically declared)","","200","400","","","ResponseEntity<?>","Static source scan; directly called service/helper errors are included when resolvable, but runtime-only errors require integration tests to confirm. Raw String body has no declared DTO schema."
"GET","/api/cms/membership/tier/conditions","MembershipTierCmsController","allConditions","id/boga/mybogaapp/features/membership_tier/MembershipTierCmsController.java:33","None declared at handler; method is permitAll in SecurityConfig","","","","","","/conditions","","","","200","400","","","ResponseEntity<?>","Static source scan; directly called service/helper errors are included when resolvable, but runtime-only errors require integration tests to confirm."
"POST","/api/cms/membership/tier/conditions/{id}","MembershipTierCmsController","updateCondition","id/boga/mybogaapp/features/membership_tier/MembershipTierCmsController.java:51","None declared at handler; method is permitAll in SecurityConfig","","","","id:int","","/conditions/{id}","MembershipTierCondition","id:int; membershipTierId:int; value:int; valueConv:long; title:String; modDt:String","","200","400","","","ResponseEntity<?>","Static source scan; directly called service/helper errors are included when resolvable, but runtime-only errors require integration tests to confirm."
"GET","/api/cms/membership/tier/tncs","MembershipTierCmsController","allTncs","id/boga/mybogaapp/features/membership_tier/MembershipTierCmsController.java:127","None declared at handler; method is permitAll in SecurityConfig","","","","","","/tncs","","","","200","400","","","ResponseEntity<?>","Static source scan; directly called service/helper errors are included when resolvable, but runtime-only errors require integration tests to confirm."
"GET","/api/cms/membership/tier/tncs/icon","MembershipTierCmsController","allTncsIcon","id/boga/mybogaapp/features/membership_tier/MembershipTierCmsController.java:109","None declared at handler; method is permitAll in SecurityConfig","","","","","","/tncs/icon","","","","200","400","","","ResponseEntity<?>","Static source scan; directly called service/helper errors are included when resolvable, but runtime-only errors require integration tests to confirm."
"GET","/api/cms/news","NewsCMSController","list","id/boga/mybogaapp/features/news/NewsCMSController.java:50","None declared at handler; method is permitAll in SecurityConfig","","","","","available_only:boolean (optional/defaulted); brand_id:int (optional/defaulted); offset:int (required); limit:int (required)","Not declared","","","","200","400","","","ResponseEntity<Object>","Static source scan; directly called service/helper errors are included when resolvable, but runtime-only errors require integration tests to confirm."
"GET","/api/cms/news/{newsId}","NewsCMSController","detail","id/boga/mybogaapp/features/news/NewsCMSController.java:78","None declared at handler; method is permitAll in SecurityConfig","","","","newsId:int","","Not declared","","","","200","400","","","ResponseEntity<Object>","Static source scan; directly called service/helper errors are included when resolvable, but runtime-only errors require integration tests to confirm."
"POST","/api/cms/news/{newsId}","NewsCMSController","update","id/boga/mybogaapp/features/news/NewsCMSController.java:94","None declared at handler; method is permitAll in SecurityConfig","","","","newsId:int","","application/json","News","id:int; brandId:int; title:String; image:String; description:String; externalUrl:String; available:Boolean; createdTime:int; regDt:String; countryId:int","","200","400","","","ResponseEntity<Object>","Static source scan; directly called service/helper errors are included when resolvable, but runtime-only errors require integration tests to confirm."
"GET","/api/cms/news/minimum_info","NewsCMSController","minimumInfoList","id/boga/mybogaapp/features/news/NewsCMSController.java:34","None declared at handler; method is permitAll in SecurityConfig","","","","","","Not declared","","","","200","400","","","ResponseEntity<Object>","Static source scan; directly called service/helper errors are included when resolvable, but runtime-only errors require integration tests to confirm."
"POST","/api/cms/news/newfeed","NewsCMSController","fetchNewfeed","id/boga/mybogaapp/features/news/NewsCMSController.java:111","None declared at handler; method is permitAll in SecurityConfig","","","","","","Not declared","","","","200","400","","","ResponseEntity<Object>","Static source scan; directly called service/helper errors are included when resolvable, but runtime-only errors require integration tests to confirm."
"POST","/api/cms/news/v2/newfeed","NewsCMSController","fetchNewfeed","id/boga/mybogaapp/features/news/NewsCMSController.java:131","None declared at handler; method is permitAll in SecurityConfig","","","","","","application/json","String (raw request body; schema not statically declared)","String (raw request body; schema not statically declared)","","200","400","","","ResponseEntity<Object>","Static source scan; directly called service/helper errors are included when resolvable, but runtime-only errors require integration tests to confirm. Raw String body has no declared DTO schema."
"GET","/api/cms/outlets","OutletCMSController","list","id/boga/mybogaapp/features/outlet/OutletCMSController.java:178","None declared at handler; method is permitAll in SecurityConfig","","","","","brand_id:int (required); pt_id:int (required); search:String (optional/defaulted); sort:String (optional/defaulted); order:String (optional/defaulted); offset:int (required); limit:int (required)","Not declared","","","","200","400","","","ResponseEntity<Object>","Static source scan; directly called service/helper errors are included when resolvable, but runtime-only errors require integration tests to confirm."
"POST","/api/cms/outlets","OutletCMSController","create","id/boga/mybogaapp/features/outlet/OutletCMSController.java:275","None declared at handler; method is permitAll in SecurityConfig","","","","","","application/json","OutletCreateReq","brandId:int; ptId:int; branchCode:String; availableEsb:boolean; thumbImage:String; availableTakeaway:boolean; availableQueue:boolean; availableReservation:boolean; ptCode:String","","201","400","","","ResponseEntity<Object>","Static source scan; directly called service/helper errors are included when resolvable, but runtime-only errors require integration tests to confirm."
"GET","/api/cms/outlets/{outletId}","OutletCMSController","detail","id/boga/mybogaapp/features/outlet/OutletCMSController.java:259","None declared at handler; method is permitAll in SecurityConfig","","","","outletId:int","","Not declared","","","","200","400","","","ResponseEntity<Object>","Static source scan; directly called service/helper errors are included when resolvable, but runtime-only errors require integration tests to confirm."
"POST","/api/cms/outlets/{outletId}","OutletCMSController","update","id/boga/mybogaapp/features/outlet/OutletCMSController.java:306","None declared at handler; method is permitAll in SecurityConfig","","","","outletId:int","","application/json","OutletCreateReq","brandId:int; ptId:int; branchCode:String; availableEsb:boolean; thumbImage:String; availableTakeaway:boolean; availableQueue:boolean; availableReservation:boolean; ptCode:String","","201","400","","","ResponseEntity<Object>","Static source scan; directly called service/helper errors are included when resolvable, but runtime-only errors require integration tests to confirm."
"GET","/api/cms/outlets/brand_available_esb","OutletCMSController","brandAvailableEsb","id/boga/mybogaapp/features/outlet/OutletCMSController.java:351","None declared at handler; method is permitAll in SecurityConfig","","","","","ptCode:String (optional/defaulted)","Not declared","","","","200","400","","","ResponseEntity<Object>","Static source scan; directly called service/helper errors are included when resolvable, but runtime-only errors require integration tests to confirm."
"GET","/api/cms/outlets/cities","OutletCMSController","cityList","id/boga/mybogaapp/features/outlet/OutletCMSController.java:144","None declared at handler; method is permitAll in SecurityConfig","","","","","","Not declared","","","","200","400","","","ResponseEntity<Object>","Static source scan; directly called service/helper errors are included when resolvable, but runtime-only errors require integration tests to confirm."
"GET","/api/cms/outlets/cities_by_country","OutletCMSController","cityListByCountry","id/boga/mybogaapp/features/outlet/OutletCMSController.java:161","None declared at handler; method is permitAll in SecurityConfig","","","","","country_id:int (required)","Not declared","","","","200","400","","","ResponseEntity<Object>","Static source scan; directly called service/helper errors are included when resolvable, but runtime-only errors require integration tests to confirm."
"POST","/api/cms/outlets/generateQr","OutletCMSController","generateQr","id/boga/mybogaapp/features/outlet/OutletCMSController.java:324","None declared at handler; method is permitAll in SecurityConfig","","","","","","application/json","String (raw request body; schema not statically declared)","String (raw request body; schema not statically declared)","","201","400","","","ResponseEntity<Object>","Static source scan; directly called service/helper errors are included when resolvable, but runtime-only errors require integration tests to confirm. Raw String body has no declared DTO schema."
"GET","/api/cms/outlets/getall","OutletCMSController","getAll","id/boga/mybogaapp/features/outlet/OutletCMSController.java:237","None declared at handler; method is permitAll in SecurityConfig","","","","","","Not declared","","","","200","400","","","ResponseEntity<Object>","Static source scan; directly called service/helper errors are included when resolvable, but runtime-only errors require integration tests to confirm."
"GET","/api/cms/outlets/minimum_info","OutletCMSController","minimumInfoList","id/boga/mybogaapp/features/outlet/OutletCMSController.java:46","None declared at handler; method is permitAll in SecurityConfig","","","","","brand_id:int (required)","Not declared","","","","200","400","","","ResponseEntity<Object>","Static source scan; directly called service/helper errors are included when resolvable, but runtime-only errors require integration tests to confirm."
"GET","/api/cms/outlets/minimum_info_by_country","OutletCMSController","minimumInfoListByCountry","id/boga/mybogaapp/features/outlet/OutletCMSController.java:127","None declared at handler; method is permitAll in SecurityConfig","","","","","brand_id:int (required); country_id:int (required)","Not declared","","","","200","400","","","ResponseEntity<Object>","Static source scan; directly called service/helper errors are included when resolvable, but runtime-only errors require integration tests to confirm."
"GET","/api/cms/outlets/minimum_info/all","OutletCMSController","minimumInfoListAll","id/boga/mybogaapp/features/outlet/OutletCMSController.java:62","None declared at handler; method is permitAll in SecurityConfig","","","","","","Not declared","","","","200","400","","","ResponseEntity<Object>","Static source scan; directly called service/helper errors are included when resolvable, but runtime-only errors require integration tests to confirm."
"GET","/api/cms/outlets/minimum_info/by_multiple_brand","OutletCMSController","minimumInfoListByMultipleBrand","id/boga/mybogaapp/features/outlet/OutletCMSController.java:94","None declared at handler; method is permitAll in SecurityConfig","","","","","brand_id:String (required)","Not declared","","","","200","400","","","ResponseEntity<Object>","Static source scan; directly called service/helper errors are included when resolvable, but runtime-only errors require integration tests to confirm."
"GET","/api/cms/outlets/outlet-code","OutletCMSController","outletList","id/boga/mybogaapp/features/outlet/OutletCMSController.java:110","None declared at handler; method is permitAll in SecurityConfig","","","","","pt_code:String (required)","Not declared","","","","200","400","","","ResponseEntity<Object>","Static source scan; directly called service/helper errors are included when resolvable, but runtime-only errors require integration tests to confirm."
"GET","/api/cms/outlets/pt_available_esb","OutletCMSController","ptAvailableEsb","id/boga/mybogaapp/features/outlet/OutletCMSController.java:339","None declared at handler; method is permitAll in SecurityConfig","","","","","","Not declared","","","","200","400","","","ResponseEntity<Object>","Static source scan; directly called service/helper errors are included when resolvable, but runtime-only errors require integration tests to confirm."
"GET","/api/cms/outlets/qr-scan","OutletCMSController","qrOutletScanList","id/boga/mybogaapp/features/outlet/OutletCMSController.java:208","None declared at handler; method is permitAll in SecurityConfig","","","","","search:String (optional/defaulted); sort:String (optional/defaulted); order:String (optional/defaulted); offset:int (required); limit:int (required)","Not declared","","","","200","400","","","ResponseEntity<Object>","Static source scan; directly called service/helper errors are included when resolvable, but runtime-only errors require integration tests to confirm."
"GET","/api/cms/outlets/v2/minimum_info","OutletCMSController","minimumInfoListV2","id/boga/mybogaapp/features/outlet/OutletCMSController.java:78","None declared at handler; method is permitAll in SecurityConfig","","","","","brand_id:int (required)","Not declared","","","","200","400","","","ResponseEntity<Object>","Static source scan; directly called service/helper errors are included when resolvable, but runtime-only errors require integration tests to confirm."
"POST","/api/cms/promotions","PromotionCMSController","create","id/boga/mybogaapp/features/promotion/PromotionCMSController.java:149","None declared at handler; method is permitAll in SecurityConfig","","","","","","application/json","PromoCreateReq","brandId:int; availableOutletIds:String","","201","400","","","ResponseEntity<Object>","Static source scan; directly called service/helper errors are included when resolvable, but runtime-only errors require integration tests to confirm."
"GET","/api/cms/promotions/{promoId}","PromotionCMSController","detail","id/boga/mybogaapp/features/promotion/PromotionCMSController.java:109","None declared at handler; method is permitAll in SecurityConfig","","","","promoId:int","","Not declared","","","","200","400","","","ResponseEntity<Object>","Static source scan; directly called service/helper errors are included when resolvable, but runtime-only errors require integration tests to confirm."
"POST","/api/cms/promotions/{promoId}","PromotionCMSController","update","id/boga/mybogaapp/features/promotion/PromotionCMSController.java:126","None declared at handler; method is permitAll in SecurityConfig","","","","promoId:int","","application/json","PromoCreateReq","brandId:int; availableOutletIds:String","","201","400","","","ResponseEntity<Object>","Static source scan; directly called service/helper errors are included when resolvable, but runtime-only errors require integration tests to confirm."
"GET","/api/cms/promotions/birthday","PromotionCMSController","list","id/boga/mybogaapp/features/promotion/PromotionCMSController.java:78","None declared at handler; method is permitAll in SecurityConfig","","","","","brand_id:int (required); search:String (optional/defaulted); sort:String (optional/defaulted); order:String (optional/defaulted); offset:int (required); limit:int (required)","Not declared","","","","200","400","","","ResponseEntity<Object>","Static source scan; directly called service/helper errors are included when resolvable, but runtime-only errors require integration tests to confirm."
"GET","/api/cms/promotions/minimum_info","PromotionCMSController","minimumInfoList","id/boga/mybogaapp/features/promotion/PromotionCMSController.java:30","None declared at handler; method is permitAll in SecurityConfig","","","","","brand_id:int (required)","Not declared","","","","200","400","","","ResponseEntity<Object>","Static source scan; directly called service/helper errors are included when resolvable, but runtime-only errors require integration tests to confirm."
"GET","/api/cms/promotions/minimum_info/all","PromotionCMSController","minimumInfoListAll","id/boga/mybogaapp/features/promotion/PromotionCMSController.java:46","None declared at handler; method is permitAll in SecurityConfig","","","","","","Not declared","","","","200","400","","","ResponseEntity<Object>","Static source scan; directly called service/helper errors are included when resolvable, but runtime-only errors require integration tests to confirm."
"GET","/api/cms/promotions/minimum_info/deeplink/all","PromotionCMSController","minimumInfoDeeplinkListAll","id/boga/mybogaapp/features/promotion/PromotionCMSController.java:62","None declared at handler; method is permitAll in SecurityConfig","","","","","","Not declared","","","","200","400","","","ResponseEntity<Object>","Static source scan; directly called service/helper errors are included when resolvable, but runtime-only errors require integration tests to confirm."
"GET","/api/cms/promotions/normal","PromotionCMSController","list","id/boga/mybogaapp/features/promotion/PromotionCMSController.java:78","None declared at handler; method is permitAll in SecurityConfig","","","","","brand_id:int (required); search:String (optional/defaulted); sort:String (optional/defaulted); order:String (optional/defaulted); offset:int (required); limit:int (required)","Not declared","","","","200","400","","","ResponseEntity<Object>","Static source scan; directly called service/helper errors are included when resolvable, but runtime-only errors require integration tests to confirm."
"GET","/api/cms/pt","PtCMSController","list","id/boga/mybogaapp/features/pt/PtCMSController.java:54","None declared at handler; method is permitAll in SecurityConfig","","","","","offset:int (required); limit:int (required)","Not declared","","","","200","400","","","ResponseEntity<Object>","Static source scan; directly called service/helper errors are included when resolvable, but runtime-only errors require integration tests to confirm."
"POST","/api/cms/pt","PtCMSController","create","id/boga/mybogaapp/features/pt/PtCMSController.java:29","None declared at handler; method is permitAll in SecurityConfig","","","","","","application/json","PT","id:int; uuid:String; name:String; available:Boolean; regDt:String","","201","400","","","ResponseEntity<Object>","Static source scan; directly called service/helper errors are included when resolvable, but runtime-only errors require integration tests to confirm."
"GET","/api/cms/pt/minimum","PtCMSController","minimumInfoList","id/boga/mybogaapp/features/pt/PtCMSController.java:79","None declared at handler; method is permitAll in SecurityConfig","","","","","","Not declared","","","","200","400","","","ResponseEntity<Object>","Static source scan; directly called service/helper errors are included when resolvable, but runtime-only errors require integration tests to confirm."
"GET","/api/cms/pt/minimum/code","PtCMSController","minimumInfoCodeList","id/boga/mybogaapp/features/pt/PtCMSController.java:96","None declared at handler; method is permitAll in SecurityConfig","","","","","","Not declared","","","","200","400","","","ResponseEntity<Object>","Static source scan; directly called service/helper errors are included when resolvable, but runtime-only errors require integration tests to confirm."
"GET","/api/cms/push_noti/send","PushNotiSendController","list","id/boga/mybogaapp/features/push_noti/PushNotiSendController.java:28","None declared at handler; method is permitAll in SecurityConfig","","","","","search:String (optional/defaulted); offset:int (required); limit:int (required)","Not declared","","","","200","400","","","ResponseEntity<Object>","Static source scan; directly called service/helper errors are included when resolvable, but runtime-only errors require integration tests to confirm."
"POST","/api/cms/push_noti/send","PushNotiSendController","send","id/boga/mybogaapp/features/push_noti/PushNotiSendController.java:53","None declared at handler; method is permitAll in SecurityConfig","","","","","","application/json","PushNotificationSend","PushNotificationSend","","201","400","","","ResponseEntity<Object>","Static source scan; directly called service/helper errors are included when resolvable, but runtime-only errors require integration tests to confirm."
"GET","/api/cms/push_noti/send/{pushNotiSendId}","PushNotiSendController","detail","id/boga/mybogaapp/features/push_noti/PushNotiSendController.java:71","None declared at handler; method is permitAll in SecurityConfig","","","","pushNotiSendId:int","","Not declared","","","","200","400","","","ResponseEntity<Object>","Static source scan; directly called service/helper errors are included when resolvable, but runtime-only errors require integration tests to confirm."
"POST","/api/cms/push_noti/send/{pushNotiSendId}","PushNotiSendController","update","id/boga/mybogaapp/features/push_noti/PushNotiSendController.java:89","None declared at handler; method is permitAll in SecurityConfig","","","","pushNotiSendId:int","","application/json","CouponPromoSend","id:int; couponId:int; startAge:int; endAge:int; target:int; membershipTierId:int; schedule:boolean; status:char; targetGender:String; scheduleDate:String; scheduleTime:String; script:String; regDt:String","","201","400","","","ResponseEntity<Object>","Static source scan; directly called service/helper errors are included when resolvable, but runtime-only errors require integration tests to confirm."
"POST","/api/cms/push_noti/send/direct","PushNotiSendController","sendDirect","id/boga/mybogaapp/features/push_noti/PushNotiSendController.java:106","None declared at handler; method is permitAll in SecurityConfig","","","","","","application/json","PushNotificationSend","PushNotificationSend","","201","400","","","ResponseEntity<Object>","Static source scan; directly called service/helper errors are included when resolvable, but runtime-only errors require integration tests to confirm."
"GET","/api/cms/push_noti/send/users/{pushNotiSendId}","PushNotiSendController","userPushNotifList","id/boga/mybogaapp/features/push_noti/PushNotiSendController.java:123","None declared at handler; method is permitAll in SecurityConfig","","","","pushNotiSendId:int","offset:int (required); limit:int (required)","Not declared","","","","200","400","","","ResponseEntity<Object>","Static source scan; directly called service/helper errors are included when resolvable, but runtime-only errors require integration tests to confirm."
"GET","/api/cms/qr-coupon-campaign","QrCouponCampaignCMSController","list","id/boga/mybogaapp/features/coupon/QrCouponCampaignCMSController.java:53","None declared at handler; method is permitAll in SecurityConfig","","","","","offset:int (required); limit:int (required); sort:String (optional/defaulted); order:String (optional/defaulted); search:String (optional/defaulted); startDate:String (optional/defaulted); endDate:String (optional/defaulted); available:boolean (optional/defaulted)","Not declared","","","","200","400","","","ResponseEntity<Object>","Static source scan; directly called service/helper errors are included when resolvable, but runtime-only errors require integration tests to confirm."
"POST","/api/cms/qr-coupon-campaign","QrCouponCampaignCMSController","create","id/boga/mybogaapp/features/coupon/QrCouponCampaignCMSController.java:110","None declared at handler; method is permitAll in SecurityConfig","","","","","","application/json","QrCouponCampaign","id:String; couponId:Integer; targetType:String; startDate:String; endDate:String; quotaType:String; quotaQty:Integer; totalScanLimit:Integer; dailyScanLimit:Integer; campaignCode:String; available:Boolean; qrCodeImage:String; redeemMethod:String; deeplink:String; regDt:String; modDt:String","","201","400","","","ResponseEntity<Object>","Static source scan; directly called service/helper errors are included when resolvable, but runtime-only errors require integration tests to confirm."
"GET","/api/cms/qr-coupon-campaign/{campaignCode}","QrCouponCampaignCMSController","detail","id/boga/mybogaapp/features/coupon/QrCouponCampaignCMSController.java:86","None declared at handler; method is permitAll in SecurityConfig","","","","campaignCode:String","","Not declared","","","","200","400","","","ResponseEntity<Object>","Static source scan; directly called service/helper errors are included when resolvable, but runtime-only errors require integration tests to confirm."
"POST","/api/cms/qr-coupon-campaign/activate","QrCouponCampaignCMSController","activate","id/boga/mybogaapp/features/coupon/QrCouponCampaignCMSController.java:169","None declared at handler; method is permitAll in SecurityConfig","","","","","","application/json","String (raw request body; schema not statically declared)","String (raw request body; schema not statically declared)","","201","400","","","ResponseEntity<Object>","Static source scan; directly called service/helper errors are included when resolvable, but runtime-only errors require integration tests to confirm. Raw String body has no declared DTO schema."
"GET","/api/cms/qr-coupon-campaign/bycoupon/{couponId}","QrCouponCampaignCMSController","availableListByCoupon","id/boga/mybogaapp/features/coupon/QrCouponCampaignCMSController.java:98","None declared at handler; method is permitAll in SecurityConfig","","","","couponId:int","","Not declared","","","","200","400","","","ResponseEntity<Object>","Static source scan; directly called service/helper errors are included when resolvable, but runtime-only errors require integration tests to confirm."
"GET","/api/cms/qr-coupon-campaign/segmented","QrCouponCampaignCMSController","listCouponCampaignSegmented","id/boga/mybogaapp/features/coupon/QrCouponCampaignCMSController.java:253","None declared at handler; method is permitAll in SecurityConfig","","","","","offset:int (required); limit:int (required); start_date:String (optional/defaulted); end_date:String (optional/defaulted); search:String (optional/defaulted); sort:String (optional/defaulted); order:String (optional/defaulted)","Not declared","","","","200","400","","","ResponseEntity<Object>","Static source scan; directly called service/helper errors are included when resolvable, but runtime-only errors require integration tests to confirm."
"GET","/api/cms/qr-coupon-campaign/segmented/limit","QrCouponCampaignCMSController","injectCouponCampaignSegmentedLimit","id/boga/mybogaapp/features/coupon/QrCouponCampaignCMSController.java:288","None declared at handler; method is permitAll in SecurityConfig","","","","","","Not declared","","","","200","400","","","ResponseEntity<Object>","Static source scan; directly called service/helper errors are included when resolvable, but runtime-only errors require integration tests to confirm."
"POST","/api/cms/qr-coupon-campaign/segmented/upload-excel","QrCouponCampaignCMSController","injectCouponCampaignSegmentedByExcel","id/boga/mybogaapp/features/coupon/QrCouponCampaignCMSController.java:186","None declared at handler; method is permitAll in SecurityConfig","","","","","","application/json","String (raw request body; schema not statically declared)","String (raw request body; schema not statically declared)","","201","400","","","ResponseEntity<Object>","Static source scan; directly called service/helper errors are included when resolvable, but runtime-only errors require integration tests to confirm. Raw String body has no declared DTO schema."
"POST","/api/cms/qr-coupon-campaign/update","QrCouponCampaignCMSController","update","id/boga/mybogaapp/features/coupon/QrCouponCampaignCMSController.java:139","None declared at handler; method is permitAll in SecurityConfig","","","","","","application/json","QrCouponCampaign","id:String; couponId:Integer; targetType:String; startDate:String; endDate:String; quotaType:String; quotaQty:Integer; totalScanLimit:Integer; dailyScanLimit:Integer; campaignCode:String; available:Boolean; qrCodeImage:String; redeemMethod:String; deeplink:String; regDt:String; modDt:String","manual: existingQrCouponCampaign != null && !qrCouponCampaign.getId().equals(existingQrCouponCampaign.getId())","201","400","","","ResponseEntity<Object>","Static source scan; directly called service/helper errors are included when resolvable, but runtime-only errors require integration tests to confirm."
"GET","/api/cms/report/finance/free_point_coupon_redemption","CmsReportFinanceController","reportFreePointCouponRedemption","id/boga/mybogaapp/features/cms/report/finance/CmsReportFinanceController.java:30","None declared at handler; method is permitAll in SecurityConfig","","","","","offset:int (required); limit:int (required); country_id:int (optional/defaulted); start_date:String (optional/defaulted); end_date:String (optional/defaulted); bearer_pt_id:int (optional/defaulted); sort:String (optional/defaulted); order:String (optional/defaulted)","Not declared","","","","200","400","","","ResponseEntity<?>","Static source scan; directly called service/helper errors are included when resolvable, but runtime-only errors require integration tests to confirm."
"GET","/api/cms/report/finance/free_point_coupon_redemption/excel","CmsReportFinanceController","reportFreePointCouponRedemption","id/boga/mybogaapp/features/cms/report/finance/CmsReportFinanceController.java:30","None declared at handler; method is permitAll in SecurityConfig","","","","","offset:int (required); limit:int (required); country_id:int (optional/defaulted); start_date:String (optional/defaulted); end_date:String (optional/defaulted); bearer_pt_id:int (optional/defaulted); sort:String (optional/defaulted); order:String (optional/defaulted)","Not declared","","","","200","400","","","ResponseEntity<?>","Static source scan; directly called service/helper errors are included when resolvable, but runtime-only errors require integration tests to confirm."
"GET","/api/cms/report/finance/free_point_coupon_redemption/summary","CmsReportFinanceController","reportFreePointCouponRedemptionSummary","id/boga/mybogaapp/features/cms/report/finance/CmsReportFinanceController.java:67","None declared at handler; method is permitAll in SecurityConfig","","","","","offset:int (required); limit:int (required); country_id:int (optional/defaulted); bearer_pt_id:int (optional/defaulted); redeemed_brand_id:int (optional/defaulted); redeemed_outlet_id:String (optional/defaulted); start_month:String (optional/defaulted); end_month:String (optional/defaulted); period:String (optional/defaulted); sort:String (optional/defaulted); order:String (optional/defaulted)","Not declared","","","manual: redeemedOutletId.contains("",""); manual: Integer.valueOf(redeemedOutletId) == 0","200","400","","","ResponseEntity<?>","Static source scan; directly called service/helper errors are included when resolvable, but runtime-only errors require integration tests to confirm."
"GET","/api/cms/report/finance/free_point_coupon_redemption/summary/excel","CmsReportFinanceController","reportFreePointCouponRedemptionSummary","id/boga/mybogaapp/features/cms/report/finance/CmsReportFinanceController.java:67","None declared at handler; method is permitAll in SecurityConfig","","","","","offset:int (required); limit:int (required); country_id:int (optional/defaulted); bearer_pt_id:int (optional/defaulted); redeemed_brand_id:int (optional/defaulted); redeemed_outlet_id:String (optional/defaulted); start_month:String (optional/defaulted); end_month:String (optional/defaulted); period:String (optional/defaulted); sort:String (optional/defaulted); order:String (optional/defaulted)","Not declared","","","manual: redeemedOutletId.contains("",""); manual: Integer.valueOf(redeemedOutletId) == 0","200","400","","","ResponseEntity<?>","Static source scan; directly called service/helper errors are included when resolvable, but runtime-only errors require integration tests to confirm."
"GET","/api/cms/report/finance/promo_coupon_redemption","CmsReportFinanceController","reportPromoCouponRedemption","id/boga/mybogaapp/features/cms/report/finance/CmsReportFinanceController.java:116","None declared at handler; method is permitAll in SecurityConfig","","","","","offset:int (required); limit:int (required); country_id:int (optional/defaulted); start_date:String (optional/defaulted); end_date:String (optional/defaulted); bearer_pt_id:int (optional/defaulted); sort:String (optional/defaulted); order:String (optional/defaulted)","Not declared","","","","200","400","","","ResponseEntity<Object>","Static source scan; directly called service/helper errors are included when resolvable, but runtime-only errors require integration tests to confirm."
"GET","/api/cms/report/finance/promo_coupon_redemption/excel","CmsReportFinanceController","reportPromoCouponRedemption","id/boga/mybogaapp/features/cms/report/finance/CmsReportFinanceController.java:116","None declared at handler; method is permitAll in SecurityConfig","","","","","offset:int (required); limit:int (required); country_id:int (optional/defaulted); start_date:String (optional/defaulted); end_date:String (optional/defaulted); bearer_pt_id:int (optional/defaulted); sort:String (optional/defaulted); order:String (optional/defaulted)","Not declared","","","","200","400","","","ResponseEntity<Object>","Static source scan; directly called service/helper errors are included when resolvable, but runtime-only errors require integration tests to confirm."
"GET","/api/cms/report/finance/promo_coupon_redemption/summary","CmsReportFinanceController","reportPromoCouponRedemptionSummary","id/boga/mybogaapp/features/cms/report/finance/CmsReportFinanceController.java:154","None declared at handler; method is permitAll in SecurityConfig","","","","","offset:int (required); limit:int (required); country_id:int (optional/defaulted); bearer_pt_id:int (optional/defaulted); redeemed_brand_id:int (optional/defaulted); redeemed_outlet_id:String (optional/defaulted); start_month:String (optional/defaulted); end_month:String (optional/defaulted); period:String (optional/defaulted); sort:String (optional/defaulted); order:String (optional/defaulted)","Not declared","","","manual: redeemedOutletId.contains("",""); manual: Integer.valueOf(redeemedOutletId) == 0","200","400","","","ResponseEntity<Object>","Static source scan; directly called service/helper errors are included when resolvable, but runtime-only errors require integration tests to confirm."
"GET","/api/cms/report/finance/promo_coupon_redemption/summary/excel","CmsReportFinanceController","reportPromoCouponRedemptionSummary","id/boga/mybogaapp/features/cms/report/finance/CmsReportFinanceController.java:154","None declared at handler; method is permitAll in SecurityConfig","","","","","offset:int (required); limit:int (required); country_id:int (optional/defaulted); bearer_pt_id:int (optional/defaulted); redeemed_brand_id:int (optional/defaulted); redeemed_outlet_id:String (optional/defaulted); start_month:String (optional/defaulted); end_month:String (optional/defaulted); period:String (optional/defaulted); sort:String (optional/defaulted); order:String (optional/defaulted)","Not declared","","","manual: redeemedOutletId.contains("",""); manual: Integer.valueOf(redeemedOutletId) == 0","200","400","","","ResponseEntity<Object>","Static source scan; directly called service/helper errors are included when resolvable, but runtime-only errors require integration tests to confirm."
"GET","/api/cms/report/finance/reward_catalog_redemption","CmsReportFinanceController","reportRewerdCatalogRedemption","id/boga/mybogaapp/features/cms/report/finance/CmsReportFinanceController.java:204","None declared at handler; method is permitAll in SecurityConfig","","","","","offset:int (required); limit:int (required); start_date:String (optional/defaulted); end_date:String (optional/defaulted); receiver_pt_id:int (optional/defaulted); country_id:int (optional/defaulted); bearer_pt_id:int (optional/defaulted); period:String (optional/defaulted); sort:String (optional/defaulted); order:String (optional/defaulted)","Not declared","","","","200","400","","","ResponseEntity<Object>","Static source scan; directly called service/helper errors are included when resolvable, but runtime-only errors require integration tests to confirm."
"GET","/api/cms/report/finance/reward_catalog_redemption/excel","CmsReportFinanceController","reportRewerdCatalogRedemption","id/boga/mybogaapp/features/cms/report/finance/CmsReportFinanceController.java:204","None declared at handler; method is permitAll in SecurityConfig","","","","","offset:int (required); limit:int (required); start_date:String (optional/defaulted); end_date:String (optional/defaulted); receiver_pt_id:int (optional/defaulted); country_id:int (optional/defaulted); bearer_pt_id:int (optional/defaulted); period:String (optional/defaulted); sort:String (optional/defaulted); order:String (optional/defaulted)","Not declared","","","","200","400","","","ResponseEntity<Object>","Static source scan; directly called service/helper errors are included when resolvable, but runtime-only errors require integration tests to confirm."
"GET","/api/cms/report/finance/reward_catalog_redemption/summary","CmsReportFinanceController","reportRewerdCatalogRedemptionSummary","id/boga/mybogaapp/features/cms/report/finance/CmsReportFinanceController.java:245","None declared at handler; method is permitAll in SecurityConfig","","","","","offset:int (required); limit:int (required); country_id:int (optional/defaulted); start_month:String (optional/defaulted); end_month:String (optional/defaulted); receiver_pt_id:int (optional/defaulted); country_id:int (optional/defaulted); bearer_pt_id:int (optional/defaulted); redeemed_brand_id:int (optional/defaulted); issued_brand_id:int (optional/defaulted); redeemed_outlet_id:int (optional/defaulted); issued_outlet_id:int (optional/defaulted); period:String (optional/defaulted); sort:String (optional/defaulted); order:String (optional/defaulted)","Not declared","","","","200","400","","","ResponseEntity<Object>","Static source scan; directly called service/helper errors are included when resolvable, but runtime-only errors require integration tests to confirm."
"GET","/api/cms/report/finance/reward_catalog_redemption/summary/excel","CmsReportFinanceController","reportRewerdCatalogRedemptionSummary","id/boga/mybogaapp/features/cms/report/finance/CmsReportFinanceController.java:245","None declared at handler; method is permitAll in SecurityConfig","","","","","offset:int (required); limit:int (required); country_id:int (optional/defaulted); start_month:String (optional/defaulted); end_month:String (optional/defaulted); receiver_pt_id:int (optional/defaulted); country_id:int (optional/defaulted); bearer_pt_id:int (optional/defaulted); redeemed_brand_id:int (optional/defaulted); issued_brand_id:int (optional/defaulted); redeemed_outlet_id:int (optional/defaulted); issued_outlet_id:int (optional/defaulted); period:String (optional/defaulted); sort:String (optional/defaulted); order:String (optional/defaulted)","Not declared","","","","200","400","","","ResponseEntity<Object>","Static source scan; directly called service/helper errors are included when resolvable, but runtime-only errors require integration tests to confirm."
"GET","/api/cms/report/finance/voucher_catalog","CmsReportFinanceController","reportVoucherCatalog","id/boga/mybogaapp/features/cms/report/finance/CmsReportFinanceController.java:290","None declared at handler; method is permitAll in SecurityConfig","","","","","offset:int (required); limit:int (required); start_date:String (optional/defaulted); end_date:String (optional/defaulted); receiver_pt_id:int (optional/defaulted); status:String (optional/defaulted); search:String (optional/defaulted); sort:String (optional/defaulted); order:String (optional/defaulted)","Not declared","","","","200","400","","","ResponseEntity<Object>","Static source scan; directly called service/helper errors are included when resolvable, but runtime-only errors require integration tests to confirm."
"GET","/api/cms/report/finance/voucher_catalog/excel","CmsReportFinanceController","reportVoucherCatalog","id/boga/mybogaapp/features/cms/report/finance/CmsReportFinanceController.java:290","None declared at handler; method is permitAll in SecurityConfig","","","","","offset:int (required); limit:int (required); start_date:String (optional/defaulted); end_date:String (optional/defaulted); receiver_pt_id:int (optional/defaulted); status:String (optional/defaulted); search:String (optional/defaulted); sort:String (optional/defaulted); order:String (optional/defaulted)","Not declared","","","","200","400","","","ResponseEntity<Object>","Static source scan; directly called service/helper errors are included when resolvable, but runtime-only errors require integration tests to confirm."
"ANY","/api/cms/report/main/transactions/total","CmsMainReportController","transactionTotal","id/boga/mybogaapp/features/cms/report/main/CmsMainReportController.java:50","Bearer JWT may be required by SecurityConfig for methods not explicitly permitAll","","","","","interval:int (optional/defaulted)","/transactions/total","","","","200","400","","","ResponseEntity<Object>","Static source scan; directly called service/helper errors are included when resolvable, but runtime-only errors require integration tests to confirm. @RequestMapping does not restrict the HTTP method."
"ANY","/api/cms/report/main/users/total","CmsMainReportController","userTotal","id/boga/mybogaapp/features/cms/report/main/CmsMainReportController.java:28","Bearer JWT may be required by SecurityConfig for methods not explicitly permitAll","","","","","interval:int (optional/defaulted)","/users/total","","","","200","400","","","ResponseEntity<Object>","Static source scan; directly called service/helper errors are included when resolvable, but runtime-only errors require integration tests to confirm. @RequestMapping does not restrict the HTTP method."
"GET","/api/cms/report/membership-tier/history","CmsMembershipTierController","historyList","id/boga/mybogaapp/features/cms/report/membership_tier/CmsMembershipTierController.java:48","None declared at handler; method is permitAll in SecurityConfig","","","","","search:String (required); offset:int (required); limit:int (required)","/history","","","","200","400","","","ResponseEntity<?>","Static source scan; directly called service/helper errors are included when resolvable, but runtime-only errors require integration tests to confirm."
"GET","/api/cms/report/membership-tier/snapshot","CmsMembershipTierController","snapshot","id/boga/mybogaapp/features/cms/report/membership_tier/CmsMembershipTierController.java:30","None declared at handler; method is permitAll in SecurityConfig","","","","","","/snapshot","","","","200","400","","","ResponseEntity<?>","Static source scan; directly called service/helper errors are included when resolvable, but runtime-only errors require integration tests to confirm."
"GET","/api/cms/report/point/transactions","CmsReportTrxPointController","trxPointReports","id/boga/mybogaapp/features/cms/report/point/CmsReportTrxPointController.java:32","None declared at handler; method is permitAll in SecurityConfig","","","","","offset:int (required); limit:int (required); brand_id:int (optional/defaulted); pt_id:int (optional/defaulted); outlet_id:int (optional/defaulted); start_date:String (optional/defaulted); end_date:String (optional/defaulted); period:String (optional/defaulted); group_by:String (optional/defaulted); sort:String (optional/defaulted); order:String (optional/defaulted)","Not declared","","","","200","400","","","ResponseEntity<?>","Static source scan; directly called service/helper errors are included when resolvable, but runtime-only errors require integration tests to confirm."
"GET","/api/cms/report/point/transactions/excel","CmsReportTrxPointController","list","id/boga/mybogaapp/features/cms/report/point/CmsReportTrxPointController.java:65","None declared at handler; method is permitAll in SecurityConfig","","","","","offset:int (required); limit:int (required); brandId:int (optional/defaulted); ptId:int (optional/defaulted); outletId:int (optional/defaulted); startDate:String (optional/defaulted); endDate:String (optional/defaulted); period:String (optional/defaulted); group_by:String (optional/defaulted); sort:String (optional/defaulted); order:String (optional/defaulted)","Not declared","","","","200","400","","","ResponseEntity<Object>","Static source scan; directly called service/helper errors are included when resolvable, but runtime-only errors require integration tests to confirm."
"GET","/api/cms/report/transactions/summary","CmsReportTrxController","summaryReports","id/boga/mybogaapp/features/cms/report/transaction/CmsReportTrxController.java:32","None declared at handler; method is permitAll in SecurityConfig","","","","","offset:int (optional/defaulted); limit:int (optional/defaulted); brand_id:int (optional/defaulted); pt_id:int (optional/defaulted); outlet_id:String (optional/defaulted); start_date:String (optional/defaulted); end_date:String (optional/defaulted); period:String (optional/defaulted); group_by:String (optional/defaulted); sort:String (optional/defaulted); order:String (optional/defaulted)","Not declared","","","manual: outletId.contains("",""); manual: Integer.valueOf(outletId) == 0","200","400","","","ResponseEntity<?>","Static source scan; directly called service/helper errors are included when resolvable, but runtime-only errors require integration tests to confirm."
"GET","/api/cms/report/transactions/summary/bycoupon","CmsReportTrxController","summaryReports","id/boga/mybogaapp/features/cms/report/transaction/CmsReportTrxController.java:85","None declared at handler; method is permitAll in SecurityConfig","","","","","offset:int (optional/defaulted); limit:int (optional/defaulted); start_date:String (optional/defaulted); end_date:String (optional/defaulted)","Not declared","","","","200","400","","","ResponseEntity<?>","Static source scan; directly called service/helper errors are included when resolvable, but runtime-only errors require integration tests to confirm."
"GET","/api/cms/report/transactions/summary/bycoupon/excel","CmsReportTrxController","summaryReports","id/boga/mybogaapp/features/cms/report/transaction/CmsReportTrxController.java:85","None declared at handler; method is permitAll in SecurityConfig","","","","","offset:int (optional/defaulted); limit:int (optional/defaulted); start_date:String (optional/defaulted); end_date:String (optional/defaulted)","Not declared","","","","200","400","","","ResponseEntity<?>","Static source scan; directly called service/helper errors are included when resolvable, but runtime-only errors require integration tests to confirm."
"GET","/api/cms/report/transactions/summary/excel","CmsReportTrxController","summaryReports","id/boga/mybogaapp/features/cms/report/transaction/CmsReportTrxController.java:32","None declared at handler; method is permitAll in SecurityConfig","","","","","offset:int (optional/defaulted); limit:int (optional/defaulted); brand_id:int (optional/defaulted); pt_id:int (optional/defaulted); outlet_id:String (optional/defaulted); start_date:String (optional/defaulted); end_date:String (optional/defaulted); period:String (optional/defaulted); group_by:String (optional/defaulted); sort:String (optional/defaulted); order:String (optional/defaulted)","Not declared","","","manual: outletId.contains("",""); manual: Integer.valueOf(outletId) == 0","200","400","","","ResponseEntity<?>","Static source scan; directly called service/helper errors are included when resolvable, but runtime-only errors require integration tests to confirm."
"GET","/api/cms/report/transfer/coupon/summary","CmsReportTransferController","summaryCouponReports","id/boga/mybogaapp/features/cms/report/transfer/CmsReportTransferController.java:34","None declared at handler; method is permitAll in SecurityConfig","","","","","offset:int (optional/defaulted); limit:int (optional/defaulted); start_date:String (optional/defaulted); end_date:String (optional/defaulted); search:String (optional/defaulted); sort:String (optional/defaulted); order:String (optional/defaulted)","Not declared","","","","200","400","","","ResponseEntity<?>","Static source scan; directly called service/helper errors are included when resolvable, but runtime-only errors require integration tests to confirm."
"GET","/api/cms/report/transfer/coupon/summary/excel","CmsReportTransferController","summaryCouponReports","id/boga/mybogaapp/features/cms/report/transfer/CmsReportTransferController.java:34","None declared at handler; method is permitAll in SecurityConfig","","","","","offset:int (optional/defaulted); limit:int (optional/defaulted); start_date:String (optional/defaulted); end_date:String (optional/defaulted); search:String (optional/defaulted); sort:String (optional/defaulted); order:String (optional/defaulted)","Not declared","","","","200","400","","","ResponseEntity<?>","Static source scan; directly called service/helper errors are included when resolvable, but runtime-only errors require integration tests to confirm."
"GET","/api/cms/report/transfer/point/summary","CmsReportTransferController","summaryPointReports","id/boga/mybogaapp/features/cms/report/transfer/CmsReportTransferController.java:79","None declared at handler; method is permitAll in SecurityConfig","","","","","offset:int (optional/defaulted); limit:int (optional/defaulted); start_date:String (optional/defaulted); end_date:String (optional/defaulted); search:String (optional/defaulted); sort:String (optional/defaulted); order:String (optional/defaulted)","Not declared","","","","200","400","","","ResponseEntity<?>","Static source scan; directly called service/helper errors are included when resolvable, but runtime-only errors require integration tests to confirm."
"GET","/api/cms/report/transfer/point/summary/excel","CmsReportTransferController","summaryPointReports","id/boga/mybogaapp/features/cms/report/transfer/CmsReportTransferController.java:79","None declared at handler; method is permitAll in SecurityConfig","","","","","offset:int (optional/defaulted); limit:int (optional/defaulted); start_date:String (optional/defaulted); end_date:String (optional/defaulted); search:String (optional/defaulted); sort:String (optional/defaulted); order:String (optional/defaulted)","Not declared","","","","200","400","","","ResponseEntity<?>","Static source scan; directly called service/helper errors are included when resolvable, but runtime-only errors require integration tests to confirm."
"GET","/api/cms/search-tag/menu-tag","SearchTagCMSController","list","id/boga/mybogaapp/features/searchtag/SearchTagCMSController.java:36","None declared at handler; method is permitAll in SecurityConfig","","","","","offset:int (required); limit:int (required); search:String (optional/defaulted); ptCode:String (optional/defaulted); brandId:int (optional/defaulted); type:String (optional/defaulted)","Not declared","","","","200","400","","","ResponseEntity<Object>","Static source scan; directly called service/helper errors are included when resolvable, but runtime-only errors require integration tests to confirm."
"GET","/api/cms/search-tag/menu-tag/detail","SearchTagCMSController","detail","id/boga/mybogaapp/features/searchtag/SearchTagCMSController.java:71","None declared at handler; method is permitAll in SecurityConfig","","","","","menuID:String (required); ptCode:String (required)","Not declared","","","","200","400","","","ResponseEntity<Object>","Static source scan; directly called service/helper errors are included when resolvable, but runtime-only errors require integration tests to confirm."
"GET","/api/cms/search-tag/menu-tag/excel","SearchTagCMSController","list","id/boga/mybogaapp/features/searchtag/SearchTagCMSController.java:36","None declared at handler; method is permitAll in SecurityConfig","","","","","offset:int (required); limit:int (required); search:String (optional/defaulted); ptCode:String (optional/defaulted); brandId:int (optional/defaulted); type:String (optional/defaulted)","Not declared","","","","200","400","","","ResponseEntity<Object>","Static source scan; directly called service/helper errors are included when resolvable, but runtime-only errors require integration tests to confirm."
"POST","/api/cms/search-tag/menu-tag/insert","SearchTagCMSController","insertMenuTag","id/boga/mybogaapp/features/searchtag/SearchTagCMSController.java:126","None declared at handler; method is permitAll in SecurityConfig","","","","","","application/json","String (raw request body; schema not statically declared)","String (raw request body; schema not statically declared)","","201","400","","","ResponseEntity<Object>","Static source scan; directly called service/helper errors are included when resolvable, but runtime-only errors require integration tests to confirm. Raw String body has no declared DTO schema."
"POST","/api/cms/search-tag/menu-tag/upload","SearchTagCMSController","uploadMenuTag","id/boga/mybogaapp/features/searchtag/SearchTagCMSController.java:141","None declared at handler; method is permitAll in SecurityConfig","","","","","","application/json","String (raw request body; schema not statically declared)","String (raw request body; schema not statically declared)","","201","400","","","ResponseEntity<Object>","Static source scan; directly called service/helper errors are included when resolvable, but runtime-only errors require integration tests to confirm. Raw String body has no declared DTO schema."
"GET","/api/cms/search-tag/menu/menu_by_pt","SearchTagCMSController","menuByPt","id/boga/mybogaapp/features/searchtag/SearchTagCMSController.java:88","None declared at handler; method is permitAll in SecurityConfig","","","","","ptCode:String (required)","Not declared","","","","200","400","","","ResponseEntity<Object>","Static source scan; directly called service/helper errors are included when resolvable, but runtime-only errors require integration tests to confirm."
"GET","/api/cms/search-tag/menu/menu_id_by_pt_and_code","SearchTagCMSController","menuIDByPtAndCode","id/boga/mybogaapp/features/searchtag/SearchTagCMSController.java:113","None declared at handler; method is permitAll in SecurityConfig","","","","","ptCode:String (required); menuCode:String (required)","Not declared","","","","200","400","","","ResponseEntity<Object>","Static source scan; directly called service/helper errors are included when resolvable, but runtime-only errors require integration tests to confirm."
"GET","/api/cms/search-tag/menu/tag_by_menu","SearchTagCMSController","tagByMenu","id/boga/mybogaapp/features/searchtag/SearchTagCMSController.java:100","None declared at handler; method is permitAll in SecurityConfig","","","","","menuID:String (required); ptCode:String (required)","Not declared","","","","200","400","","","ResponseEntity<Object>","Static source scan; directly called service/helper errors are included when resolvable, but runtime-only errors require integration tests to confirm."
"POST","/api/cms/search-tag/menu/update/original-sell-price","SearchTagCMSController","updateOriginalSellPrice","id/boga/mybogaapp/features/searchtag/SearchTagCMSController.java:159","None declared at handler; method is permitAll in SecurityConfig","","","","","","application/json","String (raw request body; schema not statically declared)","String (raw request body; schema not statically declared)","","201","400","","","ResponseEntity<Object>","Static source scan; directly called service/helper errors are included when resolvable, but runtime-only errors require integration tests to confirm. Raw String body has no declared DTO schema."
"GET","/api/cms/spin-wheels/category","SpinWheelCMSController","listCategory","id/boga/mybogaapp/features/spin_wheel/SpinWheelCMSController.java:131","None declared at handler; method is permitAll in SecurityConfig","","","","","offset:int (required); limit:int (required); sort:String (optional/defaulted); order:String (optional/defaulted); search:String (optional/defaulted)","/category","","","","200","400","","","ResponseEntity<?>","Static source scan; directly called service/helper errors are included when resolvable, but runtime-only errors require integration tests to confirm."
"GET","/api/cms/spin-wheels/category/check-title","SpinWheelCMSController","checkCategoryTitle","id/boga/mybogaapp/features/spin_wheel/SpinWheelCMSController.java:323","None declared at handler; method is permitAll in SecurityConfig","","","","","spinWheelCategoryId:String (optional/defaulted); title:String (required)","/category/check-title","","","","201","","","","ResponseEntity<?>","Static source scan; directly called service/helper errors are included when resolvable, but runtime-only errors require integration tests to confirm."
"POST","/api/cms/spin-wheels/category/create","SpinWheelCMSController","createCategory","id/boga/mybogaapp/features/spin_wheel/SpinWheelCMSController.java:181","None declared at handler; method is permitAll in SecurityConfig","","","","","","/category/create","String (raw request body; schema not statically declared)","String (raw request body; schema not statically declared)","","201","400","","","ResponseEntity<?>","Static source scan; directly called service/helper errors are included when resolvable, but runtime-only errors require integration tests to confirm. Raw String body has no declared DTO schema."
"GET","/api/cms/spin-wheels/category/detail","SpinWheelCMSController","detailCategory","id/boga/mybogaapp/features/spin_wheel/SpinWheelCMSController.java:166","None declared at handler; method is permitAll in SecurityConfig","","","","","spinWheelCategoryId:String (required)","/category/detail","","","","200","400","","","ResponseEntity<?>","Static source scan; directly called service/helper errors are included when resolvable, but runtime-only errors require integration tests to confirm."
"GET","/api/cms/spin-wheels/category/minimum_info","SpinWheelCMSController","categoryMinimumInfoList","id/boga/mybogaapp/features/spin_wheel/SpinWheelCMSController.java:277","None declared at handler; method is permitAll in SecurityConfig","","","","","","/category/minimum_info","","","","200","400","","","ResponseEntity<Object>","Static source scan; directly called service/helper errors are included when resolvable, but runtime-only errors require integration tests to confirm."
"POST","/api/cms/spin-wheels/category/update","SpinWheelCMSController","updateCategory","id/boga/mybogaapp/features/spin_wheel/SpinWheelCMSController.java:201","None declared at handler; method is permitAll in SecurityConfig","","","","","","/category/update","String (raw request body; schema not statically declared)","String (raw request body; schema not statically declared)","","201","400","","","ResponseEntity<?>","Static source scan; directly called service/helper errors are included when resolvable, but runtime-only errors require integration tests to confirm. Raw String body has no declared DTO schema."
"GET","/api/cms/spin-wheels/check-available","SpinWheelCMSController","hasOtherAvailable","id/boga/mybogaapp/features/spin_wheel/SpinWheelCMSController.java:316","None declared at handler; method is permitAll in SecurityConfig","","","","","spinWheelId:String (optional/defaulted)","/check-available","","","","200","","","","ResponseEntity<?>","Static source scan; directly called service/helper errors are included when resolvable, but runtime-only errors require integration tests to confirm."
"GET","/api/cms/spin-wheels/check-date","SpinWheelCMSController","checkDateOverlap","id/boga/mybogaapp/features/spin_wheel/SpinWheelCMSController.java:307","None declared at handler; method is permitAll in SecurityConfig","","","","","startDt:String (required); endDt:String (required); spinWheelId:String (optional/defaulted)","/check-date","","","","201","","","","ResponseEntity<?>","Static source scan; directly called service/helper errors are included when resolvable, but runtime-only errors require integration tests to confirm."
"GET","/api/cms/spin-wheels/coupon/minimum_info","SpinWheelCMSController","couponMinimumInfoList","id/boga/mybogaapp/features/spin_wheel/SpinWheelCMSController.java:292","None declared at handler; method is permitAll in SecurityConfig","","","","","","/coupon/minimum_info","","","","200","400","","","ResponseEntity<Object>","Static source scan; directly called service/helper errors are included when resolvable, but runtime-only errors require integration tests to confirm."
"GET","/api/cms/spin-wheels/setting","SpinWheelCMSController","listSetting","id/boga/mybogaapp/features/spin_wheel/SpinWheelCMSController.java:41","None declared at handler; method is permitAll in SecurityConfig","","","","","offset:int (required); limit:int (required); sort:String (optional/defaulted); order:String (optional/defaulted); search:String (optional/defaulted)","/setting","","","","200","400","","","ResponseEntity<?>","Static source scan; directly called service/helper errors are included when resolvable, but runtime-only errors require integration tests to confirm."
"POST","/api/cms/spin-wheels/setting/create","SpinWheelCMSController","create","id/boga/mybogaapp/features/spin_wheel/SpinWheelCMSController.java:91","None declared at handler; method is permitAll in SecurityConfig","","","","","","/setting/create","String (raw request body; schema not statically declared)","String (raw request body; schema not statically declared)","","201","400","","","ResponseEntity<?>","Static source scan; directly called service/helper errors are included when resolvable, but runtime-only errors require integration tests to confirm. Raw String body has no declared DTO schema."
"GET","/api/cms/spin-wheels/setting/detail","SpinWheelCMSController","detailSetting","id/boga/mybogaapp/features/spin_wheel/SpinWheelCMSController.java:76","None declared at handler; method is permitAll in SecurityConfig","","","","","spinWheelId:String (required)","/setting/detail","","","","200","400","","","ResponseEntity<?>","Static source scan; directly called service/helper errors are included when resolvable, but runtime-only errors require integration tests to confirm."
"POST","/api/cms/spin-wheels/setting/update","SpinWheelCMSController","update","id/boga/mybogaapp/features/spin_wheel/SpinWheelCMSController.java:111","None declared at handler; method is permitAll in SecurityConfig","","","","","","/setting/update","String (raw request body; schema not statically declared)","String (raw request body; schema not statically declared)","","201","400","","","ResponseEntity<?>","Static source scan; directly called service/helper errors are included when resolvable, but runtime-only errors require integration tests to confirm. Raw String body has no declared DTO schema."
"GET","/api/cms/spin-wheels/tnc","SpinWheelCMSController","listTncs","id/boga/mybogaapp/features/spin_wheel/SpinWheelCMSController.java:221","None declared at handler; method is permitAll in SecurityConfig","","","","","","/tnc","","","","200","400","","","ResponseEntity<?>","Static source scan; directly called service/helper errors are included when resolvable, but runtime-only errors require integration tests to confirm."
"POST","/api/cms/spin-wheels/tnc/create","SpinWheelCMSController","createTncs","id/boga/mybogaapp/features/spin_wheel/SpinWheelCMSController.java:245","None declared at handler; method is permitAll in SecurityConfig","","","","","","/tnc/create","String (raw request body; schema not statically declared)","String (raw request body; schema not statically declared)","","201","400","","","ResponseEntity<?>","Static source scan; directly called service/helper errors are included when resolvable, but runtime-only errors require integration tests to confirm. Raw String body has no declared DTO schema."
"GET","/api/cms/splash_screen","SplashCMSController","detail","id/boga/mybogaapp/features/splash/SplashCMSController.java:27","None declared at handler; method is permitAll in SecurityConfig","","","","","","Not declared","","","","200","400","","","ResponseEntity<Object>","Static source scan; directly called service/helper errors are included when resolvable, but runtime-only errors require integration tests to confirm."
"POST","/api/cms/splash_screen","SplashCMSController","create","id/boga/mybogaapp/features/splash/SplashCMSController.java:43","None declared at handler; method is permitAll in SecurityConfig","","","","","","application/json","Splash","time:int; images:List<SplashImage>{id:String; priority:int; time:int; image:String; regDt:String}","manual: updateList.getImages()!=null","201","400","","","ResponseEntity<Object>","Static source scan; directly called service/helper errors are included when resolvable, but runtime-only errors require integration tests to confirm."
"GET","/api/cms/subscriptions","SubscriptionCMSController","list","id/boga/mybogaapp/features/subscription/SubscriptionCMSController.java:37","None declared at handler; method is permitAll in SecurityConfig","","","","","available_only:boolean (optional/defaulted); brand_id:int (optional/defaulted); type:String (optional/defaulted); search:String (optional/defaulted); sort:String (optional/defaulted); order:String (optional/defaulted); offset:int (required); limit:int (required)","Not declared","","","","200","400","","","ResponseEntity<Object>","Static source scan; directly called service/helper errors are included when resolvable, but runtime-only errors require integration tests to confirm."
"POST","/api/cms/subscriptions","SubscriptionCMSController","create","id/boga/mybogaapp/features/subscription/SubscriptionCMSController.java:157","None declared at handler; method is permitAll in SecurityConfig","","","","","","application/json","SubscriptionCms","id:String; uuid:String; title:String; code:String; description:String; image:String; price:Double; originalPrice:Double; brandId:Integer; expiryDays:Integer; startDt:String; endDt:String; available:Boolean; redeemAnytime:Boolean; regDt:String; modDt:String; availableOutletIds:String; coupons:List<SubscriptionCoupon>{id:String; subscriptionId:String; couponId:Integer; qty:Integer; type:String}; outlets:List<Map<String, Object>>","","201","400","","","ResponseEntity<Object>","Static source scan; directly called service/helper errors are included when resolvable, but runtime-only errors require integration tests to confirm."
"PUT","/api/cms/subscriptions/activate","SubscriptionCMSController","activate","id/boga/mybogaapp/features/subscription/SubscriptionCMSController.java:201","None declared at handler; method is permitAll in SecurityConfig","","","","","","application/json","String (raw request body; schema not statically declared)","String (raw request body; schema not statically declared)","","201","400","","","ResponseEntity<Object>","Static source scan; directly called service/helper errors are included when resolvable, but runtime-only errors require integration tests to confirm. Raw String body has no declared DTO schema."
"GET","/api/cms/subscriptions/bycode","SubscriptionCMSController","getByCode","id/boga/mybogaapp/features/subscription/SubscriptionCMSController.java:86","None declared at handler; method is permitAll in SecurityConfig","","","","","subscriptionCode:String (required)","Not declared","","","","200","400","","","ResponseEntity<Object>","Static source scan; directly called service/helper errors are included when resolvable, but runtime-only errors require integration tests to confirm."
"GET","/api/cms/subscriptions/bycoupon/{couponId}","SubscriptionCMSController","getByCouponId","id/boga/mybogaapp/features/subscription/SubscriptionCMSController.java:105","None declared at handler; method is permitAll in SecurityConfig","","","","couponId:String","","Not declared","","","","200","400","","","ResponseEntity<Object>","Static source scan; directly called service/helper errors are included when resolvable, but runtime-only errors require integration tests to confirm."
"GET","/api/cms/subscriptions/coupon/check-available","SubscriptionCMSController","checkCouponAvailable","id/boga/mybogaapp/features/subscription/SubscriptionCMSController.java:138","None declared at handler; method is permitAll in SecurityConfig","","","","","subscriptionId:String (required)","Not declared","","","","200","400; 404","","","ResponseEntity<Object>","Static source scan; directly called service/helper errors are included when resolvable, but runtime-only errors require integration tests to confirm."
"GET","/api/cms/subscriptions/coupon/minimum_info","SubscriptionCMSController","availableCouponMinimumInfoByBrand","id/boga/mybogaapp/features/subscription/SubscriptionCMSController.java:122","None declared at handler; method is permitAll in SecurityConfig","","","","","brandId:int (required)","Not declared","","","","200","400","","","ResponseEntity<Object>","Static source scan; directly called service/helper errors are included when resolvable, but runtime-only errors require integration tests to confirm."
"GET","/api/cms/subscriptions/detail","SubscriptionCMSController","detail","id/boga/mybogaapp/features/subscription/SubscriptionCMSController.java:69","None declared at handler; method is permitAll in SecurityConfig","","","","","subscriptionId:String (required)","Not declared","","","","200","400","","","ResponseEntity<Object>","Static source scan; directly called service/helper errors are included when resolvable, but runtime-only errors require integration tests to confirm."
"PUT","/api/cms/subscriptions/redeem-anytime/activate","SubscriptionCMSController","activateRedeemAnytime","id/boga/mybogaapp/features/subscription/SubscriptionCMSController.java:220","None declared at handler; method is permitAll in SecurityConfig","","","","","","application/json","String (raw request body; schema not statically declared)","String (raw request body; schema not statically declared)","","201","400","","","ResponseEntity<Object>","Static source scan; directly called service/helper errors are included when resolvable, but runtime-only errors require integration tests to confirm. Raw String body has no declared DTO schema."
"POST","/api/cms/subscriptions/update","SubscriptionCMSController","update","id/boga/mybogaapp/features/subscription/SubscriptionCMSController.java:179","None declared at handler; method is permitAll in SecurityConfig","","","","","","application/json","SubscriptionCms","id:String; uuid:String; title:String; code:String; description:String; image:String; price:Double; originalPrice:Double; brandId:Integer; expiryDays:Integer; startDt:String; endDt:String; available:Boolean; redeemAnytime:Boolean; regDt:String; modDt:String; availableOutletIds:String; coupons:List<SubscriptionCoupon>{id:String; subscriptionId:String; couponId:Integer; qty:Integer; type:String}; outlets:List<Map<String, Object>>","","201","400","","","ResponseEntity<Object>","Static source scan; directly called service/helper errors are included when resolvable, but runtime-only errors require integration tests to confirm."
"GET","/api/cms/transactions","TransactionCMSController","list","id/boga/mybogaapp/features/transaction/TransactionCMSController.java:187","None declared at handler; method is permitAll in SecurityConfig","","","","","offset:int (required); limit:int (required); status:String (optional/defaulted); start_subtotal:int (optional/defaulted); end_subtotal:int (optional/defaulted); brand_id:int (optional/defaulted); outlet_id:String (optional/defaulted); start_date:String (optional/defaulted); end_date:String (optional/defaulted); search:String (optional/defaulted); type:String (optional/defaulted); couponType:String (optional/defaulted); couponName:String (optional/defaulted); sort:String (optional/defaulted); order:String (optional/defaulted)","Not declared","","","manual: outletId.contains("",""); manual: Integer.valueOf(outletId) == 0","200","400","","","ResponseEntity<Object>","Static source scan; directly called service/helper errors are included when resolvable, but runtime-only errors require integration tests to confirm."
"GET","/api/cms/transactions/{id}","TransactionCMSController","detail","id/boga/mybogaapp/features/transaction/TransactionCMSController.java:245","None declared at handler; method is permitAll in SecurityConfig","","","","id:int","","Not declared","","","","200","400","","","ResponseEntity<Object>","Static source scan; directly called service/helper errors are included when resolvable, but runtime-only errors require integration tests to confirm."
"GET","/api/cms/transactions/excel","TransactionCMSController","list","id/boga/mybogaapp/features/transaction/TransactionCMSController.java:187","None declared at handler; method is permitAll in SecurityConfig","","","","","offset:int (required); limit:int (required); status:String (optional/defaulted); start_subtotal:int (optional/defaulted); end_subtotal:int (optional/defaulted); brand_id:int (optional/defaulted); outlet_id:String (optional/defaulted); start_date:String (optional/defaulted); end_date:String (optional/defaulted); search:String (optional/defaulted); type:String (optional/defaulted); couponType:String (optional/defaulted); couponName:String (optional/defaulted); sort:String (optional/defaulted); order:String (optional/defaulted)","Not declared","","","manual: outletId.contains("",""); manual: Integer.valueOf(outletId) == 0","200","400","","","ResponseEntity<Object>","Static source scan; directly called service/helper errors are included when resolvable, but runtime-only errors require integration tests to confirm."
"POST","/api/cms/transactions/inject","TransactionCMSController","injectTransaction","id/boga/mybogaapp/features/transaction/TransactionCMSController.java:450","API/client/secret key (handler-level)","X-WEBAPP-Key","","X-WEBAPP-Key","","","application/json","String (raw request body; schema not statically declared)","String (raw request body; schema not statically declared)","manual: !apiKeyProperties.equals(apiKey); manual: reqMap.get(""inputOption"").toString().contains(""BOGA""); manual: reqMap.get(""transactionType"").toString().equals(""Dine In""); manual: reqMap.get(""transactionType"").toString().equals(""Delivery""); manual: reqMap.get(""transactionType"").toString().equals(""Corporate""); manual: reqMap.get(""type"").toString().equals(""Non-Sale""); manual: !reqMap.get(""transactionType"").toString().equals(""Corporate""); manual: reqMap.get(""transactionType"").toString().equals(""Dine In"") ||reqMap.get(""transactionType"").toString().equals(""Corporate"")","200","400; 403; 409","","Bad Request; Forbidden","ResponseEntity<Object>","Static source scan; directly called service/helper errors are included when resolvable, but runtime-only errors require integration tests to confirm. Raw String body has no declared DTO schema."
"GET","/api/cms/transactions/input-option","TransactionCMSController","options","id/boga/mybogaapp/features/transaction/TransactionCMSController.java:156","None declared at handler; method is permitAll in SecurityConfig","","","","","","Not declared","","","","200","400","","","ResponseEntity<Object>","Static source scan; directly called service/helper errors are included when resolvable, but runtime-only errors require integration tests to confirm."
"POST","/api/cms/transactions/manual","TransactionCMSController","manualCheckIn","id/boga/mybogaapp/features/transaction/TransactionCMSController.java:357","None declared at handler; method is permitAll in SecurityConfig","","","User-Agent","","","/manual","ManualCheckIn","grossTotal:BigDecimal; subTotal:BigDecimal; point:int; adminEmail:String; trxUuid:String; refNumber:String; note:String","manual: !Globals.isUserAgentValid(userAgent) && properties.isProductionEnvironment(); manual: req.getCoupons() != null && req.getCoupons().size() > 0","201","400; 401","","","ResponseEntity<?>","Static source scan; directly called service/helper errors are included when resolvable, but runtime-only errors require integration tests to confirm."
"POST","/api/cms/transactions/manual/redeem","TransactionCMSController","manualCouponRedemption","id/boga/mybogaapp/features/transaction/TransactionCMSController.java:323","None declared at handler; method is permitAll in SecurityConfig","","","User-Agent","","","/manual/redeem","ManualCheckIn","grossTotal:BigDecimal; subTotal:BigDecimal; point:int; adminEmail:String; trxUuid:String; refNumber:String; note:String","manual: !Globals.isUserAgentValid(userAgent) && properties.isProductionEnvironment(); manual: req.getCoupons() != null && req.getCoupons().size() > 0","201","400; 401","","","ResponseEntity<?>","Static source scan; directly called service/helper errors are included when resolvable, but runtime-only errors require integration tests to confirm."
"GET","/api/cms/transactions/manuals","TransactionCMSController","manualTrxList","id/boga/mybogaapp/features/transaction/TransactionCMSController.java:122","None declared at handler; method is permitAll in SecurityConfig","","","","","offset:int (required); limit:int (required); start_date:String (optional/defaulted); end_date:String (optional/defaulted); search:String (optional/defaulted)","Not declared","","","","200","400","","","ResponseEntity<?>","Static source scan; directly called service/helper errors are included when resolvable, but runtime-only errors require integration tests to confirm."
"GET","/api/cms/transactions/manuals/excel","TransactionCMSController","manualTrxList","id/boga/mybogaapp/features/transaction/TransactionCMSController.java:122","None declared at handler; method is permitAll in SecurityConfig","","","","","offset:int (required); limit:int (required); start_date:String (optional/defaulted); end_date:String (optional/defaulted); search:String (optional/defaulted)","Not declared","","","","200","400","","","ResponseEntity<?>","Static source scan; directly called service/helper errors are included when resolvable, but runtime-only errors require integration tests to confirm."
"GET","/api/cms/transactions/update_points","TransactionCMSController","updatePointTrxList","id/boga/mybogaapp/features/transaction/TransactionCMSController.java:165","None declared at handler; method is permitAll in SecurityConfig","","","","","offset:int (required); limit:int (required)","/update_points","","","","200","400","","","ResponseEntity<?>","Static source scan; directly called service/helper errors are included when resolvable, but runtime-only errors require integration tests to confirm."
"POST","/api/cms/transactions/update/point","TransactionCMSController","updateTotalAndPoint","id/boga/mybogaapp/features/transaction/TransactionCMSController.java:261","None declared at handler; method is permitAll in SecurityConfig","","","User-Agent","","","application/json","UpdateTransactionPoint","previousSubtotal:BigDecimal; previousPoint:int; grossTotal:BigDecimal; subTotal:BigDecimal; point:int; uuid:String; note:String; adminEmail:String","manual: !Globals.isUserAgentValid(userAgent) && properties.isProductionEnvironment()","201","400; 401","","","ResponseEntity<?>","Static source scan; directly called service/helper errors are included when resolvable, but runtime-only errors require integration tests to confirm."
"GET","/api/cms/users","UserCMSController","list","id/boga/mybogaapp/features/user/UserCMSController.java:68","None declared at handler; method is permitAll in SecurityConfig","","","","","gender:String (optional/defaulted); signupMethod:String (optional/defaulted); offset:int (required); limit:int (required); tier:int (optional/defaulted); condition:String (optional/defaulted); search:String (optional/defaulted); sort:String (optional/defaulted); order:String (optional/defaulted); startDate:String (optional/defaulted); endDate:String (optional/defaulted); birthdayMonth:int (optional/defaulted); startAge:int (optional/defaulted); endAge:int (optional/defaulted)","Not declared","","","","200","400","","","ResponseEntity<Object>","Static source scan; directly called service/helper errors are included when resolvable, but runtime-only errors require integration tests to confirm."
"GET","/api/cms/users/{userId}","UserCMSController","detail","id/boga/mybogaapp/features/user/UserCMSController.java:186","None declared at handler; method is permitAll in SecurityConfig","","","","userId:int","","Not declared","","","","200","400","","","ResponseEntity<Object>","Static source scan; directly called service/helper errors are included when resolvable, but runtime-only errors require integration tests to confirm."
"POST","/api/cms/users/{userId}","UserCMSController","update","id/boga/mybogaapp/features/user/UserCMSController.java:428","API/client/secret key (handler-level)","X-WEBAPP-Key","","X-WEBAPP-Key","userId:int","","application/json","String (raw request body; schema not statically declared)","String (raw request body; schema not statically declared)","manual: !apiKeyProperties.equals(apiKey)","201","400; 404","","Bad Request; None; Not Found","ResponseEntity<Object>","Static source scan; directly called service/helper errors are included when resolvable, but runtime-only errors require integration tests to confirm. Raw String body has no declared DTO schema."
"GET","/api/cms/users/{userId}/checkins","UserCMSController","userCheckInList","id/boga/mybogaapp/features/user/UserCMSController.java:268","None declared at handler; method is permitAll in SecurityConfig","","","","userId:int","offset:int (required); limit:int (required)","Not declared","","","","200","400","","","ResponseEntity<Object>","Static source scan; directly called service/helper errors are included when resolvable, but runtime-only errors require integration tests to confirm."
"GET","/api/cms/users/{userId}/coupons","UserCMSController","userCouponsList","id/boga/mybogaapp/features/user/UserCMSController.java:314","None declared at handler; method is permitAll in SecurityConfig","","","","userId:int","offset:int (required); limit:int (required)","Not declared","","","","200","400","","","ResponseEntity<Object>","Static source scan; directly called service/helper errors are included when resolvable, but runtime-only errors require integration tests to confirm."
"GET","/api/cms/users/{userId}/points","UserCMSController","userPointList","id/boga/mybogaapp/features/user/UserCMSController.java:291","None declared at handler; method is permitAll in SecurityConfig","","","","userId:int","offset:int (required); limit:int (required)","Not declared","","","","200","400","","","ResponseEntity<Object>","Static source scan; directly called service/helper errors are included when resolvable, but runtime-only errors require integration tests to confirm."
"GET","/api/cms/users/{userId}/tier-history","UserCMSController","userTierHistoryList","id/boga/mybogaapp/features/user/UserCMSController.java:337","None declared at handler; method is permitAll in SecurityConfig","","","","userId:int","offset:int (required); limit:int (required)","{userId}/tier-history","","","","200","400","","","ResponseEntity<?>","Static source scan; directly called service/helper errors are included when resolvable, but runtime-only errors require integration tests to confirm."
"POST","/api/cms/users/coupon-activation","UserCMSController","activateUserCoupon","id/boga/mybogaapp/features/user/UserCMSController.java:562","None declared at handler; method is permitAll in SecurityConfig","","","","","","application/json","String (raw request body; schema not statically declared)","String (raw request body; schema not statically declared)","","201","400","","","ResponseEntity<Object>","Static source scan; directly called service/helper errors are included when resolvable, but runtime-only errors require integration tests to confirm. Raw String body has no declared DTO schema."
"GET","/api/cms/users/coupon-hold","UserCMSController","userCouponHoldList","id/boga/mybogaapp/features/user/UserCMSController.java:606","None declared at handler; method is permitAll in SecurityConfig","","","","","userId:int (optional/defaulted); couponId:int (optional/defaulted)","Not declared","","","","200","400","","","ResponseEntity<Object>","Static source scan; directly called service/helper errors are included when resolvable, but runtime-only errors require integration tests to confirm."
"POST","/api/cms/users/coupon-hold/release","UserCMSController","userReleaseCouponHold","id/boga/mybogaapp/features/user/UserCMSController.java:628","None declared at handler; method is permitAll in SecurityConfig","","","","","","application/json","String (raw request body; schema not statically declared)","String (raw request body; schema not statically declared)","","201","400","","","ResponseEntity<Object>","Static source scan; directly called service/helper errors are included when resolvable, but runtime-only errors require integration tests to confirm. Raw String body has no declared DTO schema."
"GET","/api/cms/users/excel","UserCMSController","list","id/boga/mybogaapp/features/user/UserCMSController.java:68","None declared at handler; method is permitAll in SecurityConfig","","","","","gender:String (optional/defaulted); signupMethod:String (optional/defaulted); offset:int (required); limit:int (required); tier:int (optional/defaulted); condition:String (optional/defaulted); search:String (optional/defaulted); sort:String (optional/defaulted); order:String (optional/defaulted); startDate:String (optional/defaulted); endDate:String (optional/defaulted); birthdayMonth:int (optional/defaulted); startAge:int (optional/defaulted); endAge:int (optional/defaulted)","Not declared","","","","200","400","","","ResponseEntity<Object>","Static source scan; directly called service/helper errors are included when resolvable, but runtime-only errors require integration tests to confirm."
"POST","/api/cms/users/excel/ids","UserCMSController","userExcelByIdList","id/boga/mybogaapp/features/user/UserCMSController.java:119","None declared at handler; method is permitAll in SecurityConfig","","","","","","application/json","String (raw request body; schema not statically declared)","String (raw request body; schema not statically declared)","","200","400","","","ResponseEntity<Object>","Static source scan; directly called service/helper errors are included when resolvable, but runtime-only errors require integration tests to confirm. Raw String body has no declared DTO schema."
"GET","/api/cms/users/id_list","UserCMSController","userIdList","id/boga/mybogaapp/features/user/UserCMSController.java:401","None declared at handler; method is permitAll in SecurityConfig","","","","","gender:String (optional/defaulted); signupMethod:String (optional/defaulted); tier:int (optional/defaulted); search:String (optional/defaulted); startDate:String (optional/defaulted); endDate:String (optional/defaulted); birthdayMonth:int (optional/defaulted); startAge:int (optional/defaulted); endAge:int (optional/defaulted); condition:String (optional/defaulted); excelReq:boolean (optional/defaulted)","Not declared","","","","200","400","","","ResponseEntity<Object>","Static source scan; directly called service/helper errors are included when resolvable, but runtime-only errors require integration tests to confirm."
"GET","/api/cms/users/phonewablast","UserCMSController","listPhoneWaBlast","id/boga/mybogaapp/features/user/UserCMSController.java:360","None declared at handler; method is permitAll in SecurityConfig","","","","","status:String (required); hasLastTrx:int (required); offset:int (required); limit:int (required); search:String (required); startDate:String (optional/defaulted); endDate:String (optional/defaulted); sort:String (optional/defaulted); order:String (optional/defaulted)","Not declared","","","","200","400","","","ResponseEntity<Object>","Static source scan; directly called service/helper errors are included when resolvable, but runtime-only errors require integration tests to confirm."
"GET","/api/cms/users/phonewablast/excel","UserCMSController","listPhoneWaBlast","id/boga/mybogaapp/features/user/UserCMSController.java:360","None declared at handler; method is permitAll in SecurityConfig","","","","","status:String (required); hasLastTrx:int (required); offset:int (required); limit:int (required); search:String (required); startDate:String (optional/defaulted); endDate:String (optional/defaulted); sort:String (optional/defaulted); order:String (optional/defaulted)","Not declared","","","","200","400","","","ResponseEntity<Object>","Static source scan; directly called service/helper errors are included when resolvable, but runtime-only errors require integration tests to confirm."
"GET","/api/cms/users/rating","UserCMSController","listRating","id/boga/mybogaapp/features/user/UserCMSController.java:147","None declared at handler; method is permitAll in SecurityConfig","","","","","offset:int (required); limit:int (required); search:String (optional/defaulted); sort:String (optional/defaulted); order:String (optional/defaulted); startDate:String (optional/defaulted); endDate:String (optional/defaulted)","Not declared","","","","200","400","","","ResponseEntity<Object>","Static source scan; directly called service/helper errors are included when resolvable, but runtime-only errors require integration tests to confirm."
"GET","/api/cms/users/rating/excel","UserCMSController","listRating","id/boga/mybogaapp/features/user/UserCMSController.java:147","None declared at handler; method is permitAll in SecurityConfig","","","","","offset:int (required); limit:int (required); search:String (optional/defaulted); sort:String (optional/defaulted); order:String (optional/defaulted); startDate:String (optional/defaulted); endDate:String (optional/defaulted)","Not declared","","","","200","400","","","ResponseEntity<Object>","Static source scan; directly called service/helper errors are included when resolvable, but runtime-only errors require integration tests to confirm."
"GET","/api/cms/users/serial/{userSerial}","UserCMSController","detail","id/boga/mybogaapp/features/user/UserCMSController.java:224","None declared at handler; method is permitAll in SecurityConfig","","","","userSerial:String","","Not declared","","","","200","400","","Bad Request","ResponseEntity<Object>","Static source scan; directly called service/helper errors are included when resolvable, but runtime-only errors require integration tests to confirm."
"GET","/api/cms/verifications/email","VerificationCMSController","emailVerificationList","id/boga/mybogaapp/features/verification/VerificationCMSController.java:31","None declared at handler; method is permitAll in SecurityConfig","","","","","offset:int (required); limit:int (required); search:String (optional/defaulted)","Not declared","","","","200","400","","","ResponseEntity<Object>","Static source scan; directly called service/helper errors are included when resolvable, but runtime-only errors require integration tests to confirm."
"GET","/api/cms/verifications/sms","VerificationCMSController","smsVerificationList","id/boga/mybogaapp/features/verification/VerificationCMSController.java:56","None declared at handler; method is permitAll in SecurityConfig","","","","","offset:int (required); limit:int (required); search:String (optional/defaulted); start_date:String (optional/defaulted); end_date:String (optional/defaulted); sort:String (optional/defaulted); order:String (optional/defaulted)","Not declared","","","","200","400","","","ResponseEntity<Object>","Static source scan; directly called service/helper errors are included when resolvable, but runtime-only errors require integration tests to confirm."
"GET","/api/cms/verifications/sms/excel","VerificationCMSController","smsVerificationList","id/boga/mybogaapp/features/verification/VerificationCMSController.java:56","None declared at handler; method is permitAll in SecurityConfig","","","","","offset:int (required); limit:int (required); search:String (optional/defaulted); start_date:String (optional/defaulted); end_date:String (optional/defaulted); sort:String (optional/defaulted); order:String (optional/defaulted)","Not declared","","","","200","400","","","ResponseEntity<Object>","Static source scan; directly called service/helper errors are included when resolvable, but runtime-only errors require integration tests to confirm."
"GET","/api/cms/vouchers","VoucherCMSController","allList","id/boga/mybogaapp/features/voucher/b2c/VoucherCMSController.java:82","None declared at handler; method is permitAll in SecurityConfig","","","","","offset:int (required); limit:int (required); sort:String (required); order:String (required)","Not declared","","","","200","400","","","ResponseEntity<?>","Static source scan; directly called service/helper errors are included when resolvable, but runtime-only errors require integration tests to confirm."
"POST","/api/cms/vouchers","VoucherCMSController","create","id/boga/mybogaapp/features/voucher/b2c/VoucherCMSController.java:28","None declared at handler; method is permitAll in SecurityConfig","","","","","","application/json","VoucherCreateReq","availableOutlets:String; howToUses:List<VoucherHowToUse>{id:int; voucherId:int; priority:int; content:String}","","201","400","","","ResponseEntity<?>","Static source scan; directly called service/helper errors are included when resolvable, but runtime-only errors require integration tests to confirm."
"GET","/api/cms/vouchers/{voucherId}","VoucherCMSController","detail","id/boga/mybogaapp/features/voucher/b2c/VoucherCMSController.java:108","None declared at handler; method is permitAll in SecurityConfig","","","","voucherId:int","","/{voucherId}","","","","200","400","","","ResponseEntity<?>","Static source scan; directly called service/helper errors are included when resolvable, but runtime-only errors require integration tests to confirm."
"POST","/api/cms/vouchers/{voucherId}","VoucherCMSController","update","id/boga/mybogaapp/features/voucher/b2c/VoucherCMSController.java:46","None declared at handler; method is permitAll in SecurityConfig","","","","voucherId:int","","/{voucherId}","VoucherCreateReq","availableOutlets:String; howToUses:List<VoucherHowToUse>{id:int; voucherId:int; priority:int; content:String}","","201","400","","","ResponseEntity<?>","Static source scan; directly called service/helper errors are included when resolvable, but runtime-only errors require integration tests to confirm."
"GET","/api/cms/vouchers/b2b","VoucherB2BCMSController","list","id/boga/mybogaapp/features/voucher/b2b/VoucherB2BCMSController.java:59","None declared at handler; method is permitAll in SecurityConfig","","","","","","Not declared","","","","200","400","","","ResponseEntity<?>","Static source scan; directly called service/helper errors are included when resolvable, but runtime-only errors require integration tests to confirm."
"POST","/api/cms/vouchers/b2b","VoucherB2BCMSController","create","id/boga/mybogaapp/features/voucher/b2b/VoucherB2BCMSController.java:37","None declared at handler; method is permitAll in SecurityConfig","","","","","","application/json","VoucherB2B","id:int; voucherId:int; voucherB2bSellerId:int; quantity:int; redeemerProfile:boolean; status:char; uuid:String; startDt:String; regDt:String","","201","400","","","ResponseEntity<?>","Static source scan; directly called service/helper errors are included when resolvable, but runtime-only errors require integration tests to confirm."
"GET","/api/cms/vouchers/b2b/sellers","VoucherB2bSellerCMSController","list","id/boga/mybogaapp/features/voucher/b2b/VoucherB2bSellerCMSController.java:64","None declared at handler; method is permitAll in SecurityConfig","","","","","offset:int (required); limit:int (required)","Not declared","","","","200","400","","","ResponseEntity<?>","Static source scan; directly called service/helper errors are included when resolvable, but runtime-only errors require integration tests to confirm."
"POST","/api/cms/vouchers/b2b/sellers","VoucherB2bSellerCMSController","create","id/boga/mybogaapp/features/voucher/b2b/VoucherB2bSellerCMSController.java:28","None declared at handler; method is permitAll in SecurityConfig","","","","","","application/json","VoucherB2bSeller","id:int; name:String; regDt:String","","201","400","","","ResponseEntity<?>","Static source scan; directly called service/helper errors are included when resolvable, but runtime-only errors require integration tests to confirm."
"GET","/api/cms/vouchers/b2b/sellers/{sellerId}","VoucherB2bSellerCMSController","detail","id/boga/mybogaapp/features/voucher/b2b/VoucherB2bSellerCMSController.java:88","None declared at handler; method is permitAll in SecurityConfig","","","","sellerId:int","","/{sellerId}","","","","200","400","","","ResponseEntity<?>","Static source scan; directly called service/helper errors are included when resolvable, but runtime-only errors require integration tests to confirm."
"POST","/api/cms/vouchers/b2b/sellers/{sellerId}","VoucherB2bSellerCMSController","update","id/boga/mybogaapp/features/voucher/b2b/VoucherB2bSellerCMSController.java:106","None declared at handler; method is permitAll in SecurityConfig","","","","sellerId:int","","/{sellerId}","VoucherB2bSeller","id:int; name:String; regDt:String","","201","400","","","ResponseEntity<?>","Static source scan; directly called service/helper errors are included when resolvable, but runtime-only errors require integration tests to confirm."
"GET","/api/cms/vouchers/b2b/sellers/all","VoucherB2bSellerCMSController","allList","id/boga/mybogaapp/features/voucher/b2b/VoucherB2bSellerCMSController.java:46","None declared at handler; method is permitAll in SecurityConfig","","","","","","/all","","","","200","400","","","ResponseEntity<?>","Static source scan; directly called service/helper errors are included when resolvable, but runtime-only errors require integration tests to confirm."
"GET","/api/cms/vouchers/selection-list","VoucherCMSController","allSelectionList","id/boga/mybogaapp/features/voucher/b2c/VoucherCMSController.java:64","None declared at handler; method is permitAll in SecurityConfig","","","","","","/selection-list","","","","200","400","","","ResponseEntity<?>","Static source scan; directly called service/helper errors are included when resolvable, but runtime-only errors require integration tests to confirm."
"ANY","/api/config/service/{key}","ServiceConfigurationController","appConfiguration","id/boga/mybogaapp/features/configuration/ServiceConfigurationController.java:30","Bearer JWT may be required by SecurityConfig for methods not explicitly permitAll","","","User-Agent","key:String","","Not declared","","","manual: !Globals.isUserAgentValid(userAgent) && properties.isProductionEnvironment()","200","400; 401","","","ResponseEntity<Object>","Static source scan; directly called service/helper errors are included when resolvable, but runtime-only errors require integration tests to confirm. @RequestMapping does not restrict the HTTP method."
"GET","/api/config/voucher","ConfigController","voucherConfig","id/boga/mybogaapp/features/config/ConfigController.java:36","None declared at handler; method is permitAll in SecurityConfig","","","","","","Not declared","","","","200; 204","400","","","ResponseEntity<Object>","Static source scan; directly called service/helper errors are included when resolvable, but runtime-only errors require integration tests to confirm."
"PUT","/api/config/voucher","ConfigController","updateConfig","id/boga/mybogaapp/features/config/ConfigController.java:52","None declared at handler; method is permitAll in SecurityConfig","","","","","","application/json","String (raw request body; schema not statically declared)","String (raw request body; schema not statically declared)","","201","400","","","ResponseEntity<Object>","Static source scan; directly called service/helper errors are included when resolvable, but runtime-only errors require integration tests to confirm. Raw String body has no declared DTO schema."
"GET","/api/coupons","CouponController","availableList","id/boga/mybogaapp/features/coupon/CouponController.java:82","API/client/secret key (handler-level)","X-BOGA-Key","","X-BOGA-Key; User-Agent","","brand_ids:String (optional/defaulted); offset:int (required); limit:int (required); country_id:int (required); uuid:String (optional/defaulted); home:String (optional/defaulted)","Not declared","","","manual: !apiKeyProperties.equals(apiKey); manual: !Globals.isUserAgentValid(userAgent) && properties.isProductionEnvironment(); manual: !(userUuid.equals("""") || userUuid.equals(""_UUID_""))","200; 204","400; 401","","","ResponseEntity<Object>","Static source scan; directly called service/helper errors are included when resolvable, but runtime-only errors require integration tests to confirm."
"GET","/api/coupons/{uuid}","CouponController","detail","id/boga/mybogaapp/features/coupon/CouponController.java:289","API/client/secret key (handler-level)","X-BOGA-Key","","X-BOGA-Key; User-Agent","uuid:String","","Not declared","","","manual: !apiKeyProperties.equals(apiKey); manual: !Globals.isUserAgentValid(userAgent) && properties.isProductionEnvironment()","200","400; 401","","","ResponseEntity<Object>","Static source scan; directly called service/helper errors are included when resolvable, but runtime-only errors require integration tests to confirm."
"GET","/api/coupons/active-expiry-time","CouponController","activeCouponExpiryTime","id/boga/mybogaapp/features/coupon/CouponController.java:461","None declared at handler; method is permitAll in SecurityConfig","","","","","","Not declared","","","","200","400","","","ResponseEntity<Object>","Static source scan; directly called service/helper errors are included when resolvable, but runtime-only errors require integration tests to confirm."
"GET","/api/coupons/brands","CouponController","availableBrandList","id/boga/mybogaapp/features/coupon/CouponController.java:58","None declared at handler; method is permitAll in SecurityConfig","","","User-Agent","","country_id:int (required)","Not declared","","","manual: !Globals.isUserAgentValid(userAgent) && properties.isProductionEnvironment()","200","400; 401","","","ResponseEntity<?>","Static source scan; directly called service/helper errors are included when resolvable, but runtime-only errors require integration tests to confirm."
"GET","/api/coupons/catalog","CouponController","couponCatalogList","id/boga/mybogaapp/features/coupon/CouponController.java:203","API/client/secret key (handler-level)","X-BOGA-Key","","X-BOGA-Key","","country_id:int (optional/defaulted); brand_ids:String (optional/defaulted); uuid:String (optional/defaulted); offset:int (required); limit:int (required)","Not declared","","","manual: !apiKeyProperties.equals(apiKey); manual: !(userUuid.equals("""") || userUuid.equals(""_UUID_""))","200; 204","400","","","ResponseEntity<Object>","Static source scan; directly called service/helper errors are included when resolvable, but runtime-only errors require integration tests to confirm."
"GET","/api/coupons/catalog/bybrand","CouponController","couponCatalogListByBrand","id/boga/mybogaapp/features/coupon/CouponController.java:246","API/client/secret key (handler-level)","X-BOGA-Key","","X-BOGA-Key","","country_id:int (optional/defaulted); brand_id:int (optional/defaulted); uuid:String (optional/defaulted); offset:int (required); limit:int (required)","Not declared","","","manual: !apiKeyProperties.equals(apiKey); manual: !(userUuid.equals("""") || userUuid.equals(""_UUID_""))","200; 204","400","","","ResponseEntity<Object>","Static source scan; directly called service/helper errors are included when resolvable, but runtime-only errors require integration tests to confirm."
"POST","/api/coupons/customer-segmented/upload-excel","CouponController","injectCouponByExcel","id/boga/mybogaapp/features/coupon/CouponController.java:479","API/client/secret key (handler-level)","Secret-Key","","Secret-Key","","file:MultipartFile (required)","Not declared","","","manual: !secretKey.equals(""SEGMENTED-COUPON-EXCEL"")","200","400","","Inject Coupon Failed; Inject Coupon Success","ResponseEntity<Object>","Static source scan; directly called service/helper errors are included when resolvable, but runtime-only errors require integration tests to confirm."
"GET","/api/coupons/expire-active-coupon","CouponController","expireActiveCoupon","id/boga/mybogaapp/features/coupon/CouponController.java:393","None declared at handler; method is permitAll in SecurityConfig","","","","","","Not declared","","","","200","","","","void","Static source scan; directly called service/helper errors are included when resolvable, but runtime-only errors require integration tests to confirm."
"GET","/api/coupons/qr","CouponController","sendFromQrToUser","id/boga/mybogaapp/features/coupon/CouponController.java:331","None declared at handler; method is permitAll in SecurityConfig","","","User-Agent","","userUuid:String (required)","Not declared","","","manual: !Globals.isUserAgentValid(userAgent) && properties.isProductionEnvironment()","200","400; 401; 404","","","ResponseEntity<Object>","Static source scan; directly called service/helper errors are included when resolvable, but runtime-only errors require integration tests to confirm."
"POST","/api/coupons/update-active-coupon","CouponController","updateActiveCoupon","id/boga/mybogaapp/features/coupon/CouponController.java:405","API/client/secret key (handler-level)","X-BOGA-Key","","X-BOGA-Key","","","application/json","String (raw request body; schema not statically declared)","String (raw request body; schema not statically declared)","manual: !apiKeyProperties.equals(apiKey)","201","400; 404","","Active Coupon Failed to Update; Coupon not found; User not found","ResponseEntity<Object>","Static source scan; directly called service/helper errors are included when resolvable, but runtime-only errors require integration tests to confirm. Raw String body has no declared DTO schema."
"GET","/api/coutntry","CountryController","countryList","id/boga/mybogaapp/features/country/CountryController.java:27","None declared at handler; method is permitAll in SecurityConfig","","","","","","Not declared","","","","200","400","","","ResponseEntity<Object>","Static source scan; directly called service/helper errors are included when resolvable, but runtime-only errors require integration tests to confirm."
"GET","/api/esb/available_promo","EsbIntegrationController","getAvailablePromo","id/boga/mybogaapp/features/esb_integration/EsbIntegrationController.java:54","None declared at handler; method is permitAll in SecurityConfig","","","","","","Not declared","","","","200","400","","","ResponseEntity<Object>","Static source scan; directly called service/helper errors are included when resolvable, but runtime-only errors require integration tests to confirm."
"POST","/api/esb/couponlist","EsbIntegrationController","getCouponList","id/boga/mybogaapp/features/esb_integration/EsbIntegrationController.java:298","Request signature/HMAC + API/client/secret key (handler-level)","X-BOGA-Key; X-BOGA-Signature","","X-BOGA-Key; Content-Type; X-BOGA-Signature; X-BOGA-Timestamp","","","application/json","EsbCouponRequest","visitPurposeID:String; dataBranch:String; ptToken:String; memberCode:String; outletId:Integer","manual: !apiKeyProperties.equals(apiKey); manual: !hmacSign.equals(bogaSignature)","200","400","","","ResponseEntity<Object>","Static source scan; directly called service/helper errors are included when resolvable, but runtime-only errors require integration tests to confirm."
"POST","/api/esb/create-disc","EsbIntegrationController","createCouponV2","id/boga/mybogaapp/features/esb_integration/EsbIntegrationController.java:394","None declared at handler; method is permitAll in SecurityConfig","","","","","","application/json","EsbCouponCreate","promotionMasterCode:String; branchCode:List<String>; promotionType:Integer; notes:String; discount:Integer; transactionType:String; authorizationNeeded:String; promotionDaysID:List<Integer>; startDate:String; endDate:String; minSalesPrice:Integer; menuCategoryCode:List<String>; menuCategoryDetailCode:List<String>; menuCode:List<String>; usedForLoyalty:String; maxSalesPrice:Integer; maxUsageTotalPerCustomer:Integer; maxUsageTotal:Integer; applyTo:String; includePackageContent:String; applyToApplicationID:List<String>; includeMenuExtra:String; promotionTime:List<EsbCouponTime>{startTime:String; endTime:String}; promotionCode:String; promotionDesc:String; paymentMethodName:String; voucherSourceName:String; prefixPromotion:String; promoType:String; startTime:String; endTime:String","","201","400","","","ResponseEntity<Object>","Static source scan; directly called service/helper errors are included when resolvable, but runtime-only errors require integration tests to confirm."
"POST","/api/esb/external-payment/status","EsbIntegrationController","getExternalPaymentStatus","id/boga/mybogaapp/features/esb_integration/EsbIntegrationController.java:461","None declared at handler; method is permitAll in SecurityConfig","","","","","","application/json","String (raw request body; schema not statically declared)","String (raw request body; schema not statically declared)","","200","400","","","ResponseEntity<Object>","Static source scan; directly called service/helper errors are included when resolvable, but runtime-only errors require integration tests to confirm. Raw String body has no declared DTO schema."
"GET","/api/esb/get-vp/dine-in","EsbIntegrationController","getVpDineIn","id/boga/mybogaapp/features/esb_integration/EsbIntegrationController.java:380","None declared at handler; method is permitAll in SecurityConfig","","","","","","/get-vp/dine-in","","","","200","","","","void","Static source scan; directly called service/helper errors are included when resolvable, but runtime-only errors require integration tests to confirm."
"POST","/api/esb/map/delivery-courier","EsbIntegrationController","getEsbDeliveryCourier","id/boga/mybogaapp/features/esb_integration/EsbIntegrationController.java:226","None declared at handler; method is permitAll in SecurityConfig","","","Data-Branch","","","application/json","String (raw request body; schema not statically declared)","String (raw request body; schema not statically declared)","","200","400","","","ResponseEntity<Object>","Static source scan; directly called service/helper errors are included when resolvable, but runtime-only errors require integration tests to confirm. Raw String body has no declared DTO schema."
"GET","/api/esb/menu-cms","EsbIntegrationController","getMenuESB","id/boga/mybogaapp/features/esb_integration/EsbIntegrationController.java:68","None declared at handler; method is permitAll in SecurityConfig","","","","","pt_code:String (required); outlet_code:String (required)","Not declared","","","","200","400","","","ResponseEntity<Object>","Static source scan; directly called service/helper errors are included when resolvable, but runtime-only errors require integration tests to confirm."
"GET","/api/esb/menu/{vpid}","EsbIntegrationController","getMenuByBranch","id/boga/mybogaapp/features/esb_integration/EsbIntegrationController.java:83","None declared at handler; method is permitAll in SecurityConfig","","","Data-Branch","vpid:String","fetchPackagesExtras:String (required)","Not declared","","","","200","400","","","ResponseEntity<Object>","Static source scan; directly called service/helper errors are included when resolvable, but runtime-only errors require integration tests to confirm."
"GET","/api/esb/menu/detail/{vpid}/{menuid}","EsbIntegrationController","getMenuDetailByBranch","id/boga/mybogaapp/features/esb_integration/EsbIntegrationController.java:105","None declared at handler; method is permitAll in SecurityConfig","","","Data-Branch","vpid:String; menuid:String","","Not declared","","","","200","400","","","ResponseEntity<Object>","Static source scan; directly called service/helper errors are included when resolvable, but runtime-only errors require integration tests to confirm."
"GET","/api/esb/order/{orderid}","EsbIntegrationController","getEsbOrderDetail","id/boga/mybogaapp/features/esb_integration/EsbIntegrationController.java:266","Request signature/HMAC (handler-level)","X-BOGA-Signature","","Data-Branch; X-BOGA-Signature; X-BOGA-Timestamp","orderid:String","","Not declared","","","manual: !hmacSign.equals(bogaSignature)","200","400","","","ResponseEntity<Object>","Static source scan; directly called service/helper errors are included when resolvable, but runtime-only errors require integration tests to confirm."
"GET","/api/esb/order/{orderid}/debug","EsbIntegrationController","getEsbOrderDetailForDebugging","id/boga/mybogaapp/features/esb_integration/EsbIntegrationController.java:434","API/client/secret key (handler-level)","Secret-Key","","Secret-Key; Data-Branch","orderid:String","","Not declared","","","manual: !secretKey.equals(""ORDER-DETAIL-DEBUG"")","200","400","","","ResponseEntity<Object>","Static source scan; directly called service/helper errors are included when resolvable, but runtime-only errors require integration tests to confirm."
"POST","/api/esb/order/calculate-total","EsbIntegrationController","getEsbCalculateTotal","id/boga/mybogaapp/features/esb_integration/EsbIntegrationController.java:146","Request signature/HMAC (handler-level)","X-BOGA-Signature","","Data-Branch; X-BOGA-Signature; X-BOGA-Timestamp","","","application/json","String (raw request body; schema not statically declared)","String (raw request body; schema not statically declared)","manual: !hmacSign.equals(bogaSignature)","200","400","","","ResponseEntity<Object>","Static source scan; directly called service/helper errors are included when resolvable, but runtime-only errors require integration tests to confirm. Raw String body has no declared DTO schema."
"GET","/api/esb/order/expire-multi-coupon","EsbIntegrationController","expireMultiCoupon","id/boga/mybogaapp/features/esb_integration/EsbIntegrationController.java:214","None declared at handler; method is permitAll in SecurityConfig","","","","","","Not declared","","","","200","","","","void","Static source scan; directly called service/helper errors are included when resolvable, but runtime-only errors require integration tests to confirm."
"POST","/api/esb/order/save-multi-coupon","EsbIntegrationController","saveMultiCoupon","id/boga/mybogaapp/features/esb_integration/EsbIntegrationController.java:179","Request signature/HMAC (handler-level)","X-BOGA-Signature","","Data-Branch; X-BOGA-Signature; X-BOGA-Timestamp","","","application/json","String (raw request body; schema not statically declared)","String (raw request body; schema not statically declared)","manual: !hmacSign.equals(bogaSignature)","200","400","","All multi coupon saved; All multi coupon updated to correspond user; Coupon combinations cannot be used at some outlets; Coupon combinations exceed the maximum quota; Coupons aren't combinable; Discount Total doesn't count; Multi coupon cannot be saved","ResponseEntity<Object>","Static source scan; directly called service/helper errors are included when resolvable, but runtime-only errors require integration tests to confirm. Raw String body has no declared DTO schema."
"GET","/api/esb/payment/validate/{orderid}","EsbIntegrationController","getEsbValidatePayment","id/boga/mybogaapp/features/esb_integration/EsbIntegrationController.java:246","None declared at handler; method is permitAll in SecurityConfig","","","Data-Branch","orderid:String","","Not declared","","","","200","400","","","ResponseEntity<Object>","Static source scan; directly called service/helper errors are included when resolvable, but runtime-only errors require integration tests to confirm."
"POST","/api/esb/setting/branch","EsbIntegrationController","getEsbSettingByBranch","id/boga/mybogaapp/features/esb_integration/EsbIntegrationController.java:127","None declared at handler; method is permitAll in SecurityConfig","","","Data-Branch","","","Not declared","","","","200","400","","","ResponseEntity<Object>","Static source scan; directly called service/helper errors are included when resolvable, but runtime-only errors require integration tests to confirm."
"POST","/api/esb/transaction","EsbIntegrationController","createTrx","id/boga/mybogaapp/features/esb_integration/EsbIntegrationController.java:331","Request signature/HMAC + API/client/secret key (handler-level)","X-BOGA-Key; X-BOGA-Signature","","X-BOGA-Key; Content-Type; X-BOGA-Signature; X-BOGA-Timestamp","","","application/json","String (raw request body; schema not statically declared)","String (raw request body; schema not statically declared)","manual: !apiKeyProperties.equals(apiKey); manual: !hmacSign.equals(bogaSignature)","200","400","","","ResponseEntity<Object>","Static source scan; directly called service/helper errors are included when resolvable, but runtime-only errors require integration tests to confirm. Raw String body has no declared DTO schema."
"GET","/api/esb/update/promo_usage","EsbIntegrationController","updatePromoUsage","id/boga/mybogaapp/features/esb_integration/EsbIntegrationController.java:417","None declared at handler; method is permitAll in SecurityConfig","","","","","","Not declared","","","","200","400","","","ResponseEntity<Object>","Static source scan; directly called service/helper errors are included when resolvable, but runtime-only errors require integration tests to confirm."
"POST","/api/firebase","FirebaseController","addFcmToken","id/boga/mybogaapp/features/push_noti/FirebaseController.java:30","None declared at handler; method is permitAll in SecurityConfig","","","User-Agent","","","application/json","FirebaseUser","id:int; userId:int; token:String; topics:String; os:String; regDt:String; modDt:String","manual: !Globals.isUserAgentValid(userAgent) && properties.isProductionEnvironment()","201","400; 401","","","ResponseEntity<Object>","Static source scan; directly called service/helper errors are included when resolvable, but runtime-only errors require integration tests to confirm."
"GET","/api/firebase/{token}/valid","FirebaseController","isDeviceValid","id/boga/mybogaapp/features/push_noti/FirebaseController.java:56","None declared at handler; method is permitAll in SecurityConfig","","","User-Agent","token:String","","Not declared","","","manual: !Globals.isUserAgentValid(userAgent) && properties.isProductionEnvironment()","200","400; 401","","","ResponseEntity<Object>","Static source scan; directly called service/helper errors are included when resolvable, but runtime-only errors require integration tests to confirm."
"GET","/api/fraud","FraudController","list","id/boga/mybogaapp/features/fraud/FraudController.java:84","None declared at handler; method is permitAll in SecurityConfig","","","","","offset:int (required); limit:int (required); startDate:String (optional/defaulted); endDate:String (optional/defaulted); brandId:String (optional/defaulted); outletId:String (optional/defaulted); type:String (optional/defaulted); search:String (optional/defaulted); status:String (optional/defaulted)","Not declared","","","","200","400","","","ResponseEntity<Object>","Static source scan; directly called service/helper errors are included when resolvable, but runtime-only errors require integration tests to confirm."
"GET","/api/fraud/detail","FraudController","detail","id/boga/mybogaapp/features/fraud/FraudController.java:143","None declared at handler; method is permitAll in SecurityConfig","","","","","fraudid:String (required)","Not declared","","","","200","400","","","ResponseEntity<Object>","Static source scan; directly called service/helper errors are included when resolvable, but runtime-only errors require integration tests to confirm."
"GET","/api/fraud/excel","FraudController","list","id/boga/mybogaapp/features/fraud/FraudController.java:84","None declared at handler; method is permitAll in SecurityConfig","","","","","offset:int (required); limit:int (required); startDate:String (optional/defaulted); endDate:String (optional/defaulted); brandId:String (optional/defaulted); outletId:String (optional/defaulted); type:String (optional/defaulted); search:String (optional/defaulted); status:String (optional/defaulted)","Not declared","","","","200","400","","","ResponseEntity<Object>","Static source scan; directly called service/helper errors are included when resolvable, but runtime-only errors require integration tests to confirm."
"GET","/api/fraud/getdetailtransaction","FraudController","getDetailTransaction","id/boga/mybogaapp/features/fraud/FraudController.java:159","None declared at handler; method is permitAll in SecurityConfig","","","","","param:String (optional/defaulted)","Not declared","","","","200","400","","","ResponseEntity<Object>","Static source scan; directly called service/helper errors are included when resolvable, but runtime-only errors require integration tests to confirm."
"GET","/api/fraud/getlist","FraudController","getlistFraud","id/boga/mybogaapp/features/fraud/FraudController.java:45","None declared at handler; method is permitAll in SecurityConfig","","","","","offset:int (required); limit:int (required); startDate:String (optional/defaulted); endDate:String (optional/defaulted); brandId:String (optional/defaulted); outletId:String (optional/defaulted); type:String (optional/defaulted); search:String (optional/defaulted); isIgnored:String (optional/defaulted)","Not declared","","","","200","400","","","ResponseEntity<Object>","Static source scan; directly called service/helper errors are included when resolvable, but runtime-only errors require integration tests to confirm."
"GET","/api/fraud/getwhiteblacklist","FraudController","getUserWhiteBlackist","id/boga/mybogaapp/features/fraud/FraudController.java:293","None declared at handler; method is permitAll in SecurityConfig","","","","","status:String (optional/defaulted); searchByName:String (optional/defaulted)","Not declared","","","manual: status.equalsIgnoreCase(""white"")","200","400","","","ResponseEntity<Object>","Static source scan; directly called service/helper errors are included when resolvable, but runtime-only errors require integration tests to confirm."
"POST","/api/fraud/ignore","FraudController","updateConfig","id/boga/mybogaapp/features/fraud/FraudController.java:179","None declared at handler; method is permitAll in SecurityConfig","","","","","ignore:String (required); eventID:String (required)","Not declared","","","","201","400","","update Fraud Event ID","ResponseEntity<Object>","Static source scan; directly called service/helper errors are included when resolvable, but runtime-only errors require integration tests to confirm."
"GET","/api/fraud/insert/data","FraudController","insertDataFraud","id/boga/mybogaapp/features/fraud/FraudController.java:333","None declared at handler; method is permitAll in SecurityConfig","","","","","","/insert/data","","","","201","400","","","void","Static source scan; directly called service/helper errors are included when resolvable, but runtime-only errors require integration tests to confirm."
"POST","/api/fraud/insertwhitelist","FraudController","whiteList","id/boga/mybogaapp/features/fraud/FraudController.java:201","None declared at handler; method is permitAll in SecurityConfig","","","","","id:int (required); notes:String (required)","Not declared","","","","201","400","","This account has already been added to Exception; This account has already been blocked; White List User ID","ResponseEntity<Object>","Static source scan; directly called service/helper errors are included when resolvable, but runtime-only errors require integration tests to confirm."
"GET","/api/fraud/send/email","FraudController","sendEmailFraud","id/boga/mybogaapp/features/fraud/FraudController.java:322","None declared at handler; method is permitAll in SecurityConfig","","","","","","/send/email","","","","201","400","","","void","Static source scan; directly called service/helper errors are included when resolvable, but runtime-only errors require integration tests to confirm."
"GET","/api/fraud/send/email/transfer/coupon","FraudController","sendEmailCouponTransferFraud","id/boga/mybogaapp/features/fraud/FraudController.java:343","None declared at handler; method is permitAll in SecurityConfig","","","","","","/send/email/transfer/coupon","","","","200","400","","","void","Static source scan; directly called service/helper errors are included when resolvable, but runtime-only errors require integration tests to confirm."
"GET","/api/fraud/send/email/transfer/point","FraudController","sendEmailPointTransferFraud","id/boga/mybogaapp/features/fraud/FraudController.java:338","None declared at handler; method is permitAll in SecurityConfig","","","","","","/send/email/transfer/point","","","","200","400","","","void","Static source scan; directly called service/helper errors are included when resolvable, but runtime-only errors require integration tests to confirm."
"GET","/api/fraud/send/email/v2","FraudController","sendEmailFraudV2","id/boga/mybogaapp/features/fraud/FraudController.java:327","None declared at handler; method is permitAll in SecurityConfig","","","","","","/send/email/v2","","","","200","400","","","void","Static source scan; directly called service/helper errors are included when resolvable, but runtime-only errors require integration tests to confirm."
"GET","/api/fraud/types","FraudController","getTypesList","id/boga/mybogaapp/features/fraud/FraudController.java:127","None declared at handler; method is permitAll in SecurityConfig","","","","","","Not declared","","","","200","400","","","ResponseEntity<Object>","Static source scan; directly called service/helper errors are included when resolvable, but runtime-only errors require integration tests to confirm."
"POST","/api/fraud/userblock","FraudController","userBlock","id/boga/mybogaapp/features/fraud/FraudController.java:240","None declared at handler; method is permitAll in SecurityConfig","","","","","id:int (required); notes:String (required)","Not declared","","","","201","400","","Block User ID; This account has already been added to Exception; This account has already been blocked","ResponseEntity<Object>","Static source scan; directly called service/helper errors are included when resolvable, but runtime-only errors require integration tests to confirm."
"GET","/api/googlemaps/geocode/json","GoogleMapController","geocode","id/boga/mybogaapp/features/google/GoogleMapController.java:33","API/client/secret key (handler-level)","X-BOGA-Key","","User-Agent; X-BOGA-Key","","address:String (optional/defaulted)","Not declared","","","manual: !Globals.isUserAgentValid(userAgent) && properties.isProductionEnvironment(); manual: !apiKeyProperties.equals(apiKey)","200","400; 401","","","ResponseEntity<Object>","Static source scan; directly called service/helper errors are included when resolvable, but runtime-only errors require integration tests to confirm."
"GET","/api/googlemaps/place/autocomplete/json","GoogleMapController","placeAutocomplete","id/boga/mybogaapp/features/google/GoogleMapController.java:63","API/client/secret key (handler-level)","X-BOGA-Key","","User-Agent; X-BOGA-Key","","input:String (optional/defaulted); inputtype:String (optional/defaulted); tpyes:String (optional/defaulted); components:String (optional/defaulted); language:String (optional/defaulted)","Not declared","","","manual: !Globals.isUserAgentValid(userAgent) && properties.isProductionEnvironment(); manual: !apiKeyProperties.equals(apiKey)","200","400; 401","","","ResponseEntity<Object>","Static source scan; directly called service/helper errors are included when resolvable, but runtime-only errors require integration tests to confirm."
"GET","/api/googlemaps/place/details/json","GoogleMapController","placeDetails","id/boga/mybogaapp/features/google/GoogleMapController.java:99","API/client/secret key (handler-level)","X-BOGA-Key","","User-Agent; X-BOGA-Key","","place_id:String (optional/defaulted); fields:String (optional/defaulted)","Not declared","","","manual: !Globals.isUserAgentValid(userAgent) && properties.isProductionEnvironment(); manual: !apiKeyProperties.equals(apiKey)","200","400; 401","","","ResponseEntity<Object>","Static source scan; directly called service/helper errors are included when resolvable, but runtime-only errors require integration tests to confirm."
"POST","/api/googlewallet/loyalty/create-pass","GoogleWalletController","createLoyaltyPass","id/boga/mybogaapp/features/google/GoogleWalletController.java:43","None declared at handler; method is permitAll in SecurityConfig","","","","","classSuffix:String (required)","Not declared","","","","200","400","","","ResponseEntity<Object>","Static source scan; directly called service/helper errors are included when resolvable, but runtime-only errors require integration tests to confirm."
"GET","/api/googlewallet/loyalty/get-pass","GoogleWalletController","getLoyaltyPass","id/boga/mybogaapp/features/google/GoogleWalletController.java:76","None declared at handler; method is permitAll in SecurityConfig","","","","","classId:String (required)","Not declared","","","","200","400","","","ResponseEntity<Object>","Static source scan; directly called service/helper errors are included when resolvable, but runtime-only errors require integration tests to confirm."
"POST","/api/googlewallet/loyalty/push-notif","GoogleWalletController","pushNotifLoyaltyPass","id/boga/mybogaapp/features/google/GoogleWalletController.java:92","None declared at handler; method is permitAll in SecurityConfig","","","","","","application/json","String (raw request body; schema not statically declared)","String (raw request body; schema not statically declared)","","200","400","","","ResponseEntity<Object>","Static source scan; directly called service/helper errors are included when resolvable, but runtime-only errors require integration tests to confirm. Raw String body has no declared DTO schema."
"POST","/api/googlewallet/loyalty/signin","GoogleWalletController","loyaltySignInProgram","id/boga/mybogaapp/features/google/GoogleWalletController.java:184","Request signature/HMAC (handler-level)","X-BOGA-Signature","","User-agent; X-BOGA-Signature; X-BOGA-Timestamp","","","application/json","String (raw request body; schema not statically declared)","String (raw request body; schema not statically declared)","manual: !hmacSign.equals(bogaSignature)","202","400","","","ResponseEntity<Object>","Static source scan; directly called service/helper errors are included when resolvable, but runtime-only errors require integration tests to confirm. Raw String body has no declared DTO schema."
"POST","/api/googlewallet/loyalty/update-pass","GoogleWalletController","updateLoyaltyPass","id/boga/mybogaapp/features/google/GoogleWalletController.java:59","None declared at handler; method is permitAll in SecurityConfig","","","","","classId:String (required)","application/json","String (raw request body; schema not statically declared)","String (raw request body; schema not statically declared)","","200","400","","","ResponseEntity<Object>","Static source scan; directly called service/helper errors are included when resolvable, but runtime-only errors require integration tests to confirm. Raw String body has no declared DTO schema."
"GET","/api/googlewallet/loyalty/users","GoogleWalletController","getAllUserLoyaltyPass","id/boga/mybogaapp/features/google/GoogleWalletController.java:109","None declared at handler; method is permitAll in SecurityConfig","","","","","classId:String (required)","Not declared","","","","200","400","","","ResponseEntity<Object>","Static source scan; directly called service/helper errors are included when resolvable, but runtime-only errors require integration tests to confirm."
"POST","/api/googlewallet/loyalty/users/{userUuid}/create-pass","GoogleWalletController","createUserLoyaltyPass","id/boga/mybogaapp/features/google/GoogleWalletController.java:126","None declared at handler; method is permitAll in SecurityConfig","","","","userUuid:String","","Not declared","","","","200","400","","","ResponseEntity<Object>","Static source scan; directly called service/helper errors are included when resolvable, but runtime-only errors require integration tests to confirm."
"POST","/api/googlewallet/loyalty/users/{userUuid}/inactivate","GoogleWalletController","inactivateUserLoyaltyPass","id/boga/mybogaapp/features/google/GoogleWalletController.java:166","None declared at handler; method is permitAll in SecurityConfig","","","","userUuid:String","","Not declared","","","","200","400","","","ResponseEntity<Object>","Static source scan; directly called service/helper errors are included when resolvable, but runtime-only errors require integration tests to confirm."
"GET","/api/googlewallet/loyalty/users/{userUuid}/pass-status","GoogleWalletController","checkUserLoyaltyPassStatus","id/boga/mybogaapp/features/google/GoogleWalletController.java:144","None declared at handler; method is permitAll in SecurityConfig","","","","userUuid:String","","Not declared","","","","200","400","","","ResponseEntity<Object>","Static source scan; directly called service/helper errors are included when resolvable, but runtime-only errors require integration tests to confirm."
"GET","/api/health","ApiController","getHealth","id/boga/mybogaapp/features/api/ApiController.java:23","None declared at handler; method is permitAll in SecurityConfig","","","","","","/health","","","","200","","","","String","Static source scan; directly called service/helper errors are included when resolvable, but runtime-only errors require integration tests to confirm."
"ANY","/api/instagram/callback","InstagramController","callback","id/boga/mybogaapp/features/instagram/InstagramController.java:24","Bearer JWT may be required by SecurityConfig for methods not explicitly permitAll","","","","","code:String (required)","/callback","","","","200","","","","String","Static source scan; directly called service/helper errors are included when resolvable, but runtime-only errors require integration tests to confirm. @RequestMapping does not restrict the HTTP method."
"GET","/api/instagram/scheduler/update-token","InstagramController","scheduler","id/boga/mybogaapp/features/instagram/InstagramController.java:36","None declared at handler; method is permitAll in SecurityConfig","","","","","","/scheduler/update-token","","","","200","","","","void","Static source scan; directly called service/helper errors are included when resolvable, but runtime-only errors require integration tests to confirm."
"POST","/api/mandiri/openapi/v1.0/access-token/b2b","MandiriController","authToken","id/boga/mybogaapp/features/vamandiri/MandiriController.java:64","Request signature/HMAC + API/client/secret key (handler-level)","X-CLIENT-KEY; X-SIGNATURE","X-CLIENT-KEY; X-TIMESTAMP; X-SIGNATURE","","","","application/json","String (raw request body; schema not statically declared)","String (raw request body; schema not statically declared)","manual: clientId == null || clientId.trim().isEmpty(); manual: isoTime == null || isoTime.trim().isEmpty(); manual: signature == null || signature.trim().isEmpty(); manual: reqMap == null || reqMap.isEmpty(); manual: reqMap.get(""grantType"") == null || reqMap.get(""grantType"").toString().trim().isEmpty(); manual: !reqMap.get(""grantType"").equals(""client_credentials""); manual: !properties.getVaMandiriClientId().equals(clientId)","200","400; 401; 500","","","ResponseEntity<Object>","Static source scan; directly called service/helper errors are included when resolvable, but runtime-only errors require integration tests to confirm. Raw String body has no declared DTO schema."
"POST","/api/mandiri/openapi/v1.0/generate-signature/inquiry","MandiriController","generateSignatureInquiryBills","id/boga/mybogaapp/features/vamandiri/MandiriController.java:481","Authorization header (scheme enforced by handler/integration contract) (handler-level)","Authorization","Authorization; X-TIMESTAMP","","","","application/json","String (raw request body; schema not statically declared)","String (raw request body; schema not statically declared)","","200","400","","","ResponseEntity<Object>","Static source scan; directly called service/helper errors are included when resolvable, but runtime-only errors require integration tests to confirm. Raw String body has no declared DTO schema."
"POST","/api/mandiri/openapi/v1.0/generate-signature/payment-flag","MandiriController","generateSignaturePaymentFlag","id/boga/mybogaapp/features/vamandiri/MandiriController.java:974","Authorization header (scheme enforced by handler/integration contract) (handler-level)","Authorization","Authorization; X-TIMESTAMP","","","","application/json","String (raw request body; schema not statically declared)","String (raw request body; schema not statically declared)","","200","400","","","ResponseEntity<Object>","Static source scan; directly called service/helper errors are included when resolvable, but runtime-only errors require integration tests to confirm. Raw String body has no declared DTO schema."
"POST","/api/mandiri/openapi/v1.0/transfer-va/inquiry","MandiriController","inquiryBills","id/boga/mybogaapp/features/vamandiri/MandiriController.java:169","Authorization header (scheme enforced by handler/integration contract) + Request signature/HMAC (handler-level)","Authorization; X-SIGNATURE","X-TIMESTAMP; X-SIGNATURE; X-PARTNER-ID; X-EXTERNAL-ID; CHANNEL-ID","Authorization; Content-Type","","","application/json","String (raw request body; schema not statically declared)","String (raw request body; schema not statically declared)","manual: authorization == null || authorization.trim().isEmpty(); manual: contentType == null || contentType.trim().isEmpty(); manual: isoTime == null || isoTime.trim().isEmpty(); manual: signature == null || signature.trim().isEmpty(); manual: partnerId == null || partnerId.trim().isEmpty(); manual: externalId == null || externalId.trim().isEmpty(); manual: channelId == null || channelId.trim().isEmpty(); manual: !channelIdProperties.contains(channelId); manual: reqMap == null || reqMap.isEmpty()","200","400; 401; 404; 409; 429; 500; 504","","","ResponseEntity<Object>","Static source scan; directly called service/helper errors are included when resolvable, but runtime-only errors require integration tests to confirm. Raw String body has no declared DTO schema."
"POST","/api/mandiri/openapi/v1.0/transfer-va/payment","MandiriController","paymentFlag","id/boga/mybogaapp/features/vamandiri/MandiriController.java:577","Authorization header (scheme enforced by handler/integration contract) + Request signature/HMAC (handler-level)","Authorization; X-SIGNATURE","X-TIMESTAMP; X-SIGNATURE; X-PARTNER-ID; X-EXTERNAL-ID; CHANNEL-ID","Authorization; Content-Type","","","application/json","String (raw request body; schema not statically declared)","String (raw request body; schema not statically declared)","manual: authorization == null || authorization.trim().isEmpty(); manual: contentType == null || contentType.trim().isEmpty(); manual: isoTime == null || isoTime.trim().isEmpty(); manual: signature == null || signature.trim().isEmpty(); manual: partnerId == null || partnerId.trim().isEmpty(); manual: externalId == null || externalId.trim().isEmpty(); manual: channelId == null || channelId.trim().isEmpty(); manual: !channelIdProperties.contains(channelId); manual: reqMap == null || reqMap.isEmpty()","200","400; 401; 404; 409; 429; 500; 504","","","ResponseEntity<Object>","Static source scan; directly called service/helper errors are included when resolvable, but runtime-only errors require integration tests to confirm. Raw String body has no declared DTO schema."
"POST","/api/mandiri/openapi/v1.0/transfer-va/status","MandiriController","paymentStatus","id/boga/mybogaapp/features/vamandiri/MandiriController.java:1069","None declared at handler; method is permitAll in SecurityConfig","","","","","","application/json","String (raw request body; schema not statically declared)","String (raw request body; schema not statically declared)","manual: reqMap.get(""orderId"") != null","200","400","","","ResponseEntity<Object>","Static source scan; directly called service/helper errors are included when resolvable, but runtime-only errors require integration tests to confirm. Raw String body has no declared DTO schema."
"GET","/api/mandiri/task/update-expire","VaMandiriExpireTask","run","id/boga/mybogaapp/batch/VaMandiriExpireTask.java:36","None declared at handler; method is permitAll in SecurityConfig","","","","","","Not declared","","","","200","","","","void","Static source scan; directly called service/helper errors are included when resolvable, but runtime-only errors require integration tests to confirm."
"POST","/api/mandiri/va/payment/force_settle","VaMandiriController","forceSettle","id/boga/mybogaapp/features/vamandiri/VaMandiriController.java:46","None declared at handler; method is permitAll in SecurityConfig","","","","","","application/json","String (raw request body; schema not statically declared)","String (raw request body; schema not statically declared)","","200","400","","","ResponseEntity<Object>","Static source scan; directly called service/helper errors are included when resolvable, but runtime-only errors require integration tests to confirm. Raw String body has no declared DTO schema."
"POST","/api/mandiri/va/payment/force_settle/subscription","VaMandiriController","forceSettleSubscription","id/boga/mybogaapp/features/vamandiri/VaMandiriController.java:232","API/client/secret key (handler-level)","X-BOGA-Key","","X-BOGA-Key","","","application/json","String (raw request body; schema not statically declared)","String (raw request body; schema not statically declared)","manual: !apiKeyProperties.equals(apiKey)","200","400","","","ResponseEntity<Object>","Static source scan; directly called service/helper errors are included when resolvable, but runtime-only errors require integration tests to confirm. Raw String body has no declared DTO schema."
"POST","/api/mandiri/va/payment/force_settle/voucher","VaMandiriController","forceSettleVoucher","id/boga/mybogaapp/features/vamandiri/VaMandiriController.java:135","API/client/secret key (handler-level)","X-BOGA-Key","","X-BOGA-Key","","","application/json","String (raw request body; schema not statically declared)","String (raw request body; schema not statically declared)","manual: !apiKeyProperties.equals(apiKey)","200","400","","","ResponseEntity<Object>","Static source scan; directly called service/helper errors are included when resolvable, but runtime-only errors require integration tests to confirm. Raw String body has no declared DTO schema."
"GET","/api/mandiri/va/task/payment/force_settle/subscription","VaMandiriController","runForceSettleSubscription","id/boga/mybogaapp/features/vamandiri/VaMandiriController.java:286","None declared at handler; method is permitAll in SecurityConfig","","","","","","Not declared","","","","200","","","","void","Static source scan; directly called service/helper errors are included when resolvable, but runtime-only errors require integration tests to confirm."
"GET","/api/mandiri/va/task/payment/force_settle/voucher","VaMandiriController","runForceSettleVoucher","id/boga/mybogaapp/features/vamandiri/VaMandiriController.java:189","None declared at handler; method is permitAll in SecurityConfig","","","","","","Not declared","","","","200","","","","void","Static source scan; directly called service/helper errors are included when resolvable, but runtime-only errors require integration tests to confirm."
"GET","/api/mandiri/va/task/update-webapps-status/invoice-corporate","VaMandiriController","updateVaWebAppsStatusInvoiceBogaCorporate","id/boga/mybogaapp/features/vamandiri/VaMandiriController.java:329","None declared at handler; method is permitAll in SecurityConfig","","","","","","Not declared","","","","200","","","","void","Static source scan; directly called service/helper errors are included when resolvable, but runtime-only errors require integration tests to confirm."
"GET","/api/membership-card","MembershipCardController","getMembershipCard","id/boga/mybogaapp/features/membership_card/MembershipCardController.java:49","None declared at handler; method is permitAll in SecurityConfig","","","","","","Not declared","","","","200","400","","","ResponseEntity<Object>","Static source scan; directly called service/helper errors are included when resolvable, but runtime-only errors require integration tests to confirm."
"POST","/api/membership-card/check-email","MembershipCardController","checkEmail","id/boga/mybogaapp/features/membership_card/MembershipCardController.java:123","API/client/secret key (handler-level)","X-BOGAMBC-Key","","X-BOGAMBC-Key","","","/check-email","String (raw request body; schema not statically declared)","String (raw request body; schema not statically declared)","manual: !apiKeyProperties.equals(apiKey)","200","400","","","ResponseEntity<Object>","Static source scan; directly called service/helper errors are included when resolvable, but runtime-only errors require integration tests to confirm. Raw String body has no declared DTO schema."
"POST","/api/membership-card/create","MembershipCardController","createMembershipCard","id/boga/mybogaapp/features/membership_card/MembershipCardController.java:65","API/client/secret key (handler-level)","X-BOGAMBC-Key","","X-BOGAMBC-Key","","","/create","String (raw request body; schema not statically declared)","String (raw request body; schema not statically declared)","manual: !apiKeyProperties.equals(apiKey)","201","400","","Api key not valid; Phone Number not Valid","ResponseEntity<Object>","Static source scan; directly called service/helper errors are included when resolvable, but runtime-only errors require integration tests to confirm. Raw String body has no declared DTO schema."
"GET","/api/membership/tier","MembershipTierController","tiers","id/boga/mybogaapp/features/membership_tier/MembershipTierController.java:27","None declared at handler; method is permitAll in SecurityConfig","","","","","","Not declared","","","","200","400","","","ResponseEntity<?>","Static source scan; directly called service/helper errors are included when resolvable, but runtime-only errors require integration tests to confirm."
"GET","/api/membership/tier/benefits","MembershipTierController","tierBenefits","id/boga/mybogaapp/features/membership_tier/MembershipTierController.java:63","None declared at handler; method is permitAll in SecurityConfig","","","","","","/benefits","","","","200","400","","","ResponseEntity<?>","Static source scan; directly called service/helper errors are included when resolvable, but runtime-only errors require integration tests to confirm."
"GET","/api/membership/tier/conditions","MembershipTierController","tierConditions","id/boga/mybogaapp/features/membership_tier/MembershipTierController.java:45","None declared at handler; method is permitAll in SecurityConfig","","","","","","/conditions","","","","200","400","","","ResponseEntity<?>","Static source scan; directly called service/helper errors are included when resolvable, but runtime-only errors require integration tests to confirm."
"POST","/api/messages","MessageController","read","id/boga/mybogaapp/features/message/MessageController.java:28","None declared at handler; method is permitAll in SecurityConfig","","","User-Agent","","","application/json","String (raw request body; schema not statically declared)","String (raw request body; schema not statically declared)","manual: !Globals.isUserAgentValid(userAgent) && properties.isProductionEnvironment()","201","400; 401","","","ResponseEntity<Object>","Static source scan; directly called service/helper errors are included when resolvable, but runtime-only errors require integration tests to confirm. Raw String body has no declared DTO schema."
"POST","/api/moengage/import/cari-mangsa","MoengageController","cariMangsaCoba","id/boga/mybogaapp/features/moengage/MoengageController.java:84","None declared at handler; method is permitAll in SecurityConfig","","","","","","application/json","String (raw request body; schema not statically declared)","String (raw request body; schema not statically declared)","","200","400","","Terima kasih telah mendaftar ACA (Automated Code App); cari mangsa Import Failed; carimangsa in Progress","ResponseEntity<Object>","Static source scan; directly called service/helper errors are included when resolvable, but runtime-only errors require integration tests to confirm. Raw String body has no declared DTO schema."
"POST","/api/moengage/import/payment","MoengageController","createPayment","id/boga/mybogaapp/features/moengage/MoengageController.java:63","None declared at handler; method is permitAll in SecurityConfig","","","","","file:MultipartFile (required)","Not declared","","","","200","400","","Moengage Import Failed; Moengage Import in Progress","ResponseEntity<Object>","Static source scan; directly called service/helper errors are included when resolvable, but runtime-only errors require integration tests to confirm."
"POST","/api/moengage/import/transaction","MoengageController","createTrx","id/boga/mybogaapp/features/moengage/MoengageController.java:42","None declared at handler; method is permitAll in SecurityConfig","","","","","file:MultipartFile (required)","Not declared","","","","200","400","","Moengage Import Failed; Moengage Import in Progress","ResponseEntity<Object>","Static source scan; directly called service/helper errors are included when resolvable, but runtime-only errors require integration tests to confirm."
"GET","/api/news","NewsController","availableList","id/boga/mybogaapp/features/news/NewsController.java:28","None declared at handler; method is permitAll in SecurityConfig","","","User-Agent","","countryId:int (required); offset:int (required); limit:int (required)","Not declared","","","manual: !Globals.isUserAgentValid(userAgent) && properties.isProductionEnvironment()","200; 204","400; 401","","","ResponseEntity<Object>","Static source scan; directly called service/helper errors are included when resolvable, but runtime-only errors require integration tests to confirm."
"GET","/api/news/{id}","NewsController","detail","id/boga/mybogaapp/features/news/NewsController.java:55","None declared at handler; method is permitAll in SecurityConfig","","","User-Agent","id:int","","Not declared","","","manual: !Globals.isUserAgentValid(userAgent) && properties.isProductionEnvironment()","200","400; 401","","","ResponseEntity<Object>","Static source scan; directly called service/helper errors are included when resolvable, but runtime-only errors require integration tests to confirm."
"POST","/api/onesignal","OneSignalController","addOneSignalId","id/boga/mybogaapp/features/push_noti/OneSignalController.java:28","None declared at handler; method is permitAll in SecurityConfig","","","User-Agent","","","application/json","OneSignal","id:int; userId:int; oneSignalId:String; pushToken:String; os:String; regDt:String; modDt:String","manual: !Globals.isUserAgentValid(userAgent) && properties.isProductionEnvironment()","201","400; 401","","","ResponseEntity<Object>","Static source scan; directly called service/helper errors are included when resolvable, but runtime-only errors require integration tests to confirm."
"GET","/api/onesignal/{oneSignalId}/valid","OneSignalController","isDeviceValid","id/boga/mybogaapp/features/push_noti/OneSignalController.java:52","None declared at handler; method is permitAll in SecurityConfig","","","User-Agent","oneSignalId:String","","Not declared","","","manual: !Globals.isUserAgentValid(userAgent) && properties.isProductionEnvironment()","200","400; 401","","","ResponseEntity<Object>","Static source scan; directly called service/helper errors are included when resolvable, but runtime-only errors require integration tests to confirm."
"GET","/api/outlets","OutletController","list","id/boga/mybogaapp/features/outlet/OutletController.java:68","None declared at handler; method is permitAll in SecurityConfig","","","User-Agent","","uuid:String (required); country_id:int (required)","Not declared","","","manual: !Globals.isUserAgentValid(userAgent) && properties.isProductionEnvironment()","200","400; 401","","","ResponseEntity<Object>","Static source scan; directly called service/helper errors are included when resolvable, but runtime-only errors require integration tests to confirm."
"GET","/api/outlets/{uuid}","OutletController","detail","id/boga/mybogaapp/features/outlet/OutletController.java:351","None declared at handler; method is permitAll in SecurityConfig","","","User-Agent","uuid:String","","Not declared","","","manual: !Globals.isUserAgentValid(userAgent) && properties.isProductionEnvironment()","200","400; 401","","","ResponseEntity<Object>","Static source scan; directly called service/helper errors are included when resolvable, but runtime-only errors require integration tests to confirm."
"GET","/api/outlets/city/minimum_info","OutletController","cityMinimumInfoList","id/boga/mybogaapp/features/outlet/OutletController.java:498","None declared at handler; method is permitAll in SecurityConfig","","","","","brandId:int (optional/defaulted)","Not declared","","","","200","400","","","ResponseEntity<Object>","Static source scan; directly called service/helper errors are included when resolvable, but runtime-only errors require integration tests to confirm."
"GET","/api/outlets/complete/{uuid}","OutletController","detailComplete","id/boga/mybogaapp/features/outlet/OutletController.java:374","None declared at handler; method is permitAll in SecurityConfig","","","User-Agent","uuid:String","lat:double (optional/defaulted); lng:double (optional/defaulted); limit:int (optional/defaulted); is_queue:String (optional/defaulted); country_id:int (required)","Not declared","","","manual: !Globals.isUserAgentValid(userAgent) && properties.isProductionEnvironment()","200","400; 401","","","ResponseEntity<Object>","Static source scan; directly called service/helper errors are included when resolvable, but runtime-only errors require integration tests to confirm."
"POST","/api/outlets/customer-message","OutletController","createCustomerOutletMessage","id/boga/mybogaapp/features/outlet/OutletController.java:429","Request signature/HMAC (handler-level)","X-BOGA-Signature","","User-Agent; X-BOGA-Signature; X-BOGA-Timestamp","","","application/json","String (raw request body; schema not statically declared)","String (raw request body; schema not statically declared)","manual: !Globals.isUserAgentValid(userAgent) && properties.isProductionEnvironment(); manual: !hmacSign.equals(bogaSignature)","201","400; 401; 404","","","ResponseEntity<Object>","Static source scan; directly called service/helper errors are included when resolvable, but runtime-only errors require integration tests to confirm. Raw String body has no declared DTO schema."
"GET","/api/outlets/delivery","OutletController","listDelivery","id/boga/mybogaapp/features/outlet/OutletController.java:98","None declared at handler; method is permitAll in SecurityConfig","","","User-Agent","","uuid:String (required); country_id:int (required)","Not declared","","","manual: !Globals.isUserAgentValid(userAgent) && properties.isProductionEnvironment()","200","400; 401","","","ResponseEntity<Object>","Static source scan; directly called service/helper errors are included when resolvable, but runtime-only errors require integration tests to confirm."
"GET","/api/outlets/delivery-status","OutletController","getDeliveryStatus","id/boga/mybogaapp/features/outlet/OutletController.java:629","None declared at handler; method is permitAll in SecurityConfig","","","","","","/delivery-status","","","","200","400","","","ResponseEntity<Object>","Static source scan; directly called service/helper errors are included when resolvable, but runtime-only errors require integration tests to confirm."
"PUT","/api/outlets/delivery-status/update","OutletController","updateDeliveryStatus","id/boga/mybogaapp/features/outlet/OutletController.java:651","None declared at handler; method is permitAll in SecurityConfig","","","","","active:boolean (required)","/delivery-status/update","","","","200","400","","","ResponseEntity<Object>","Static source scan; directly called service/helper errors are included when resolvable, but runtime-only errors require integration tests to confirm."
"POST","/api/outlets/google-review-urls","OutletController","getGoogleReviewUrls","id/boga/mybogaapp/features/outlet/OutletController.java:555","API/client/secret key (handler-level)","Secret-Key","","Secret-Key","","","/google-review-urls","","","manual: !secretKey.equals(""EFa3ObVb7hInstaIDDCNTMFS6uM"")","200","400","","Failed to fetch Google Review URLs","ResponseEntity<Object>","Static source scan; directly called service/helper errors are included when resolvable, but runtime-only errors require integration tests to confirm."
"GET","/api/outlets/minimum_info","OutletController","minimumInfoList","id/boga/mybogaapp/features/outlet/OutletController.java:515","None declared at handler; method is permitAll in SecurityConfig","","","","","brandId:List<Integer> (optional/defaulted); cityId:List<Integer> (optional/defaulted)","Not declared","","","","200","400","","","ResponseEntity<Object>","Static source scan; directly called service/helper errors are included when resolvable, but runtime-only errors require integration tests to confirm."
"GET","/api/outlets/nearby","OutletController","listNearby","id/boga/mybogaapp/features/outlet/OutletController.java:129","None declared at handler; method is permitAll in SecurityConfig","","","User-Agent","","lat:double (optional/defaulted); lng:double (optional/defaulted); limit:int (optional/defaulted); is_queue:String (optional/defaulted); uuid:String (optional/defaulted); user_uuid:String (optional/defaulted); country_id:int (required)","Not declared","","","manual: !Globals.isUserAgentValid(userAgent) && properties.isProductionEnvironment(); manual: userUuid != null && !userUuid.trim().isEmpty()","200","400; 401","","","ResponseEntity<Object>","Static source scan; directly called service/helper errors are included when resolvable, but runtime-only errors require integration tests to confirm."
"GET","/api/outlets/nearby-delivery","OutletController","listNearbyDelivery","id/boga/mybogaapp/features/outlet/OutletController.java:202","None declared at handler; method is permitAll in SecurityConfig","","","User-Agent","","uuid:String (optional/defaulted); lat:double (optional/defaulted); lng:double (optional/defaulted); limit:int (optional/defaulted); country_id:int (required); sort_by:String (optional/defaulted); sort_type:String (optional/defaulted); is_display_below_radius:Boolean (optional/defaulted); mode:String (optional/defaulted)","Not declared","","","manual: !Globals.isUserAgentValid(userAgent) && properties.isProductionEnvironment()","200","400; 401","","","ResponseEntity<Object>","Static source scan; directly called service/helper errors are included when resolvable, but runtime-only errors require integration tests to confirm."
"GET","/api/outlets/nearby-reservation","OutletController","listNearbyReservation","id/boga/mybogaapp/features/outlet/OutletController.java:271","None declared at handler; method is permitAll in SecurityConfig","","","User-Agent","","lat:double (optional/defaulted); lng:double (optional/defaulted); limit:int (optional/defaulted); is_queue:String (optional/defaulted); is_reservation:String (optional/defaulted); uuid:String (optional/defaulted); country_id:int (required)","Not declared","","","manual: !Globals.isUserAgentValid(userAgent) && properties.isProductionEnvironment()","200","400; 401","","","ResponseEntity<Object>","Static source scan; directly called service/helper errors are included when resolvable, but runtime-only errors require integration tests to confirm."
"POST","/api/outlets/outlet-number/upload-excel","OutletController","autoRegistration","id/boga/mybogaapp/features/outlet/OutletController.java:303","API/client/secret key (handler-level)","Secret-Key","","Secret-Key","","file:MultipartFile (required)","Not declared","","","manual: !secretKey.equals(""OUTLET-NUMBER-EXCEL"")","200","400","","Registration Failed; Registration Success","ResponseEntity<Object>","Static source scan; directly called service/helper errors are included when resolvable, but runtime-only errors require integration tests to confirm."
"GET","/api/outlets/pull-outlet-webapps","OutletController","pullOutletFromWebapps","id/boga/mybogaapp/features/outlet/OutletController.java:418","None declared at handler; method is permitAll in SecurityConfig","","","","","","/pull-outlet-webapps","","","","200","400","","","ResponseEntity<Object>","Static source scan; directly called service/helper errors are included when resolvable, but runtime-only errors require integration tests to confirm."
"GET","/api/outlets/pull-status-esb","OutletController","pullStatusFromEsb","id/boga/mybogaapp/features/outlet/OutletController.java:413","None declared at handler; method is permitAll in SecurityConfig","","","","","","/pull-status-esb","","","","200","","","","void","Static source scan; directly called service/helper errors are included when resolvable, but runtime-only errors require integration tests to confirm."
"GET","/api/outlets/radius/limit","OutletController","outletRadiusLimit","id/boga/mybogaapp/features/outlet/OutletController.java:538","None declared at handler; method is permitAll in SecurityConfig","","","","","","Not declared","","","","200","400","","","ResponseEntity<Object>","Static source scan; directly called service/helper errors are included when resolvable, but runtime-only errors require integration tests to confirm."
"GET","/api/outlets/reminder-task/outlet-lease-expire","OutletController","outletLeaseExpireReminder","id/boga/mybogaapp/features/outlet/OutletController.java:533","None declared at handler; method is permitAll in SecurityConfig","","","","","","/reminder-task/outlet-lease-expire","","","","200","","","","void","Static source scan; directly called service/helper errors are included when resolvable, but runtime-only errors require integration tests to confirm."
"POST","/api/outlets/update-google-review","OutletController","updateGoogleReviewUrl","id/boga/mybogaapp/features/outlet/OutletController.java:586","API/client/secret key (handler-level)","Secret-Key","","Secret-Key","","","/update-google-review","String (raw request body; schema not statically declared)","String (raw request body; schema not statically declared)","manual: !secretKey.equals(""EFa3ObVb7hInstaIDDCNTMFS6uM"")","200","400","","","ResponseEntity<Object>","Static source scan; directly called service/helper errors are included when resolvable, but runtime-only errors require integration tests to confirm. Raw String body has no declared DTO schema."
"GET","/api/phones/duplication","PhoneController","checkDuplication","id/boga/mybogaapp/features/verification/PhoneController.java:41","None declared at handler; method is permitAll in SecurityConfig","","","","","user_id:String (required); phone:String (required)","/duplication","","","","200","400","","","ResponseEntity<?>","Static source scan; directly called service/helper errors are included when resolvable, but runtime-only errors require integration tests to confirm."
"GET","/api/point/expired-message","PointController","sendMessageExpirePoint","id/boga/mybogaapp/features/point/PointController.java:197","None declared at handler; method is permitAll in SecurityConfig","","","","","","/expired-message","","","","200","","","","void","Static source scan; directly called service/helper errors are included when resolvable, but runtime-only errors require integration tests to confirm."
"POST","/api/point/transfer","PointController","transferPoint","id/boga/mybogaapp/features/point/PointController.java:202","Request signature/HMAC + API/client/secret key (handler-level)","X-BOGA-Key; X-BOGA-Signature","","X-BOGA-Key; X-BOGA-Signature; X-BOGA-Timestamp","","","application/json","String (raw request body; schema not statically declared)","String (raw request body; schema not statically declared)","manual: !apiKeyProperties.equals(apiKey); manual: !hmacSign.equals(bogaSignature)","201","400; 403; 404","","Below transfer minimum eligibility; Daily transfer limit reached; Failed to transfer; No Available Point","ResponseEntity<Object>","Static source scan; directly called service/helper errors are included when resolvable, but runtime-only errors require integration tests to confirm. Raw String body has no declared DTO schema."
"GET","/api/point/users/{uuid}/current","PointController","userCurrentPoint","id/boga/mybogaapp/features/point/PointController.java:72","Request signature/HMAC (handler-level)","X-BOGA-Signature","","User-Agent; X-BOGA-Signature; X-BOGA-Timestamp","uuid:String","","Not declared","","","manual: !Globals.isUserAgentValid(userAgent) && properties.isProductionEnvironment(); manual: !hmacSign.equals(bogaSignature)","200","400; 401","","","ResponseEntity<Object>","Static source scan; directly called service/helper errors are included when resolvable, but runtime-only errors require integration tests to confirm."
"GET","/api/point/users/{uuid}/expiry","PointController","userExpiryPoint","id/boga/mybogaapp/features/point/PointController.java:156","None declared at handler; method is permitAll in SecurityConfig","","","User-Agent","uuid:String","","Not declared","","","manual: !Globals.isUserAgentValid(userAgent) && properties.isProductionEnvironment()","200","400; 401","","","ResponseEntity<Object>","Static source scan; directly called service/helper errors are included when resolvable, but runtime-only errors require integration tests to confirm."
"GET","/api/point/users/{uuid}/history","PointController","userHistory","id/boga/mybogaapp/features/point/PointController.java:111","None declared at handler; method is permitAll in SecurityConfig","","","User-Agent","uuid:String","offset:int (required); limit:int (required)","Not declared","","","manual: !Globals.isUserAgentValid(userAgent) && properties.isProductionEnvironment()","200; 204","400; 401","","","ResponseEntity<Object>","Static source scan; directly called service/helper errors are included when resolvable, but runtime-only errors require integration tests to confirm."
"GET","/api/point/users/{uuid}/transfer/{transferId}","PointController","pointTransferDetail","id/boga/mybogaapp/features/point/PointController.java:302","Request signature/HMAC (handler-level)","X-BOGA-Signature","","X-BOGA-Signature; X-BOGA-Timestamp","uuid:String; transferId:String","","Not declared","","","manual: !hmacSign.equals(bogaSignature)","200","400","","","ResponseEntity<Object>","Static source scan; directly called service/helper errors are included when resolvable, but runtime-only errors require integration tests to confirm."
"GET","/api/point/users/{uuid}/transfer/limit","PointController","pointTransferLimit","id/boga/mybogaapp/features/point/PointController.java:333","Request signature/HMAC (handler-level)","X-BOGA-Signature","","X-BOGA-Signature; X-BOGA-Timestamp","uuid:String","","Not declared","","","manual: !hmacSign.equals(bogaSignature)","200","400","","","ResponseEntity<Object>","Static source scan; directly called service/helper errors are included when resolvable, but runtime-only errors require integration tests to confirm."
"GET","/api/profile","ApiController","getProfile","id/boga/mybogaapp/features/api/ApiController.java:29","None declared at handler; method is permitAll in SecurityConfig","","","","","","/profile","","","","200","","","","String","Static source scan; directly called service/helper errors are included when resolvable, but runtime-only errors require integration tests to confirm."
"GET","/api/promotions","PromotionController","availablePromotions","id/boga/mybogaapp/features/promotion/PromotionController.java:30","None declared at handler; method is permitAll in SecurityConfig","","","User-Agent","","user_uuid:String (required); offset:int (required); limit:int (required); country_id:int (required); branchCode:String (optional/defaulted); brandId:List<Integer> (optional/defaulted); cityId:List<Integer> (optional/defaulted); outletId:List<Integer> (optional/defaulted); bankId:List<Integer> (optional/defaulted); transactionType:List<String> (optional/defaulted)","Not declared","","","manual: !Globals.isUserAgentValid(userAgent) && properties.isProductionEnvironment(); manual: userUuid != null && !userUuid.equals(""undefined"")","200; 204","400; 401","","","ResponseEntity<Object>","Static source scan; directly called service/helper errors are included when resolvable, but runtime-only errors require integration tests to confirm."
"GET","/api/promotions/{uuid}","PromotionController","detail","id/boga/mybogaapp/features/promotion/PromotionController.java:75","None declared at handler; method is permitAll in SecurityConfig","","","User-Agent","uuid:String","country_id:int (required)","Not declared","","","manual: !Globals.isUserAgentValid(userAgent) && properties.isProductionEnvironment()","200","400; 401","","","ResponseEntity<Object>","Static source scan; directly called service/helper errors are included when resolvable, but runtime-only errors require integration tests to confirm."
"GET","/api/qr-coupon-campaign/deeplink/{encryptedCampaignCode}","QrCouponCampaignController","deeplinkDetail","id/boga/mybogaapp/features/coupon/service/QrCouponCampaignController.java:28","None declared at handler; method is permitAll in SecurityConfig","","","","encryptedCampaignCode:String","","Not declared","","","","200","400","","","ResponseEntity<Object>","Static source scan; directly called service/helper errors are included when resolvable, but runtime-only errors require integration tests to confirm."
"POST","/api/rating/save","RatingController","saveRating","id/boga/mybogaapp/features/rating/RatingController.java:42","None declared at handler; method is permitAll in SecurityConfig","","","","","","application/json","String (raw request body; schema not statically declared)","String (raw request body; schema not statically declared)","manual: reqMap.get(""orderID"")!=null && reqMap.get(""transactionType"")!=null; manual: reqMap.get(""feedback"")!=null","200","400","","","ResponseEntity<Object>","Static source scan; directly called service/helper errors are included when resolvable, but runtime-only errors require integration tests to confirm. Raw String body has no declared DTO schema."
"GET","/api/rating/show","RatingController","isShowRating","id/boga/mybogaapp/features/rating/RatingController.java:96","None declared at handler; method is permitAll in SecurityConfig","","","","","user:String (required)","Not declared","","","","200","400","","","ResponseEntity<Object>","Static source scan; directly called service/helper errors are included when resolvable, but runtime-only errors require integration tests to confirm."
"POST","/api/reservation/bca/va/status","ReservationController","getVaBcaStatus","id/boga/mybogaapp/features/reservation/ReservationController.java:268","Request signature/HMAC (handler-level)","X-BOGA-Signature","","User-agent; X-BOGA-Signature; X-BOGA-Timestamp","","","application/json","String (raw request body; schema not statically declared)","String (raw request body; schema not statically declared)","manual: !hmacSign.equals(bogaSignature)","200","400; 404","","","ResponseEntity<Object>","Static source scan; directly called service/helper errors are included when resolvable, but runtime-only errors require integration tests to confirm. Raw String body has no declared DTO schema."
"POST","/api/reservation/bca/va/update-status","ReservationController","updateVaBcaStatus","id/boga/mybogaapp/features/reservation/ReservationController.java:188","API/client/secret key (handler-level)","X-BOGA-Key","","X-BOGA-Key","","","application/json","String (raw request body; schema not statically declared)","String (raw request body; schema not statically declared)","manual: !apiKeyProperties.equals(apiKey)","200","400","","","ResponseEntity<Object>","Static source scan; directly called service/helper errors are included when resolvable, but runtime-only errors require integration tests to confirm. Raw String body has no declared DTO schema."
"GET","/api/reservation/getbrand","ReservationController","getAvailableBrands","id/boga/mybogaapp/features/reservation/ReservationController.java:116","None declared at handler; method is permitAll in SecurityConfig","","","","","limit:int (optional/defaulted); country_id:int (required)","Not declared","","","","200","400","","","ResponseEntity<Object>","Static source scan; directly called service/helper errors are included when resolvable, but runtime-only errors require integration tests to confirm."
"GET","/api/reservation/getoutlet","ReservationController","getAvailableOutlets","id/boga/mybogaapp/features/reservation/ReservationController.java:135","None declared at handler; method is permitAll in SecurityConfig","","","","","brandUuid:String (optional/defaulted); country_id:int (required)","Not declared","","","","200","400","","","ResponseEntity<Object>","Static source scan; directly called service/helper errors are included when resolvable, but runtime-only errors require integration tests to confirm."
"GET","/api/reservation/getuser/byphone","ReservationController","getUserByPhoneNumber","id/boga/mybogaapp/features/reservation/ReservationController.java:47","API/client/secret key (handler-level)","X-BOGA-Key","","X-BOGA-Key","","phone_number:String (optional/defaulted)","Not declared","","","manual: !apiKeyProperties.equals(apiKey)","200","400; 404","","","ResponseEntity<Object>","Static source scan; directly called service/helper errors are included when resolvable, but runtime-only errors require integration tests to confirm."
"GET","/api/reservation/getuser/byuuid/{userUuid}","ReservationController","getUserByUuid","id/boga/mybogaapp/features/reservation/ReservationController.java:81","API/client/secret key (handler-level)","X-BOGA-Key","","X-BOGA-Key","userUuid:String","","Not declared","","","manual: !apiKeyProperties.equals(apiKey)","200","400; 404","","","ResponseEntity<Object>","Static source scan; directly called service/helper errors are included when resolvable, but runtime-only errors require integration tests to confirm."
"POST","/api/reservation/mandiri/va/status","ReservationController","getVaMandiriStatus","id/boga/mybogaapp/features/reservation/ReservationController.java:319","Request signature/HMAC (handler-level)","X-BOGA-Signature","","User-agent; X-BOGA-Signature; X-BOGA-Timestamp","","","application/json","String (raw request body; schema not statically declared)","String (raw request body; schema not statically declared)","manual: !hmacSign.equals(bogaSignature)","200","400; 404","","","ResponseEntity<Object>","Static source scan; directly called service/helper errors are included when resolvable, but runtime-only errors require integration tests to confirm. Raw String body has no declared DTO schema."
"POST","/api/reservation/mandiri/va/update-status","ReservationController","updateVaMandiriStatus","id/boga/mybogaapp/features/reservation/ReservationController.java:228","API/client/secret key (handler-level)","X-BOGA-Key","","X-BOGA-Key","","","application/json","String (raw request body; schema not statically declared)","String (raw request body; schema not statically declared)","manual: !apiKeyProperties.equals(apiKey)","200","400","","","ResponseEntity<Object>","Static source scan; directly called service/helper errors are included when resolvable, but runtime-only errors require integration tests to confirm. Raw String body has no declared DTO schema."
"POST","/api/reservation/telegram","ReservationController","sendTelegram","id/boga/mybogaapp/features/reservation/ReservationController.java:154","API/client/secret key (handler-level)","X-BOGA-Key","","X-BOGA-Key","","","application/json","String (raw request body; schema not statically declared)","String (raw request body; schema not statically declared)","manual: !apiKeyProperties.equals(apiKey)","201","400","","","ResponseEntity<Object>","Static source scan; directly called service/helper errors are included when resolvable, but runtime-only errors require integration tests to confirm. Raw String body has no declared DTO schema."
"GET","/api/sales-report/daily/allbrand","SalesReportController","insertDailySalesReport","id/boga/mybogaapp/features/salesreport/SalesReportController.java:180","None declared at handler; method is permitAll in SecurityConfig","","","","","","/daily/allbrand","","","","200","","","","void","Static source scan; directly called service/helper errors are included when resolvable, but runtime-only errors require integration tests to confirm."
"GET","/api/sales-report/insert/data/bogagroup/sk","SalesReportController","insertDataSalesReportBogaSK","id/boga/mybogaapp/features/salesreport/SalesReportController.java:44","None declared at handler; method is permitAll in SecurityConfig","","","","","","/insert/data/bogagroup/sk","","","","200","","","","void","Static source scan; directly called service/helper errors are included when resolvable, but runtime-only errors require integration tests to confirm."
"GET","/api/sales-report/insert/data/bogagroup/yl","SalesReportController","insertDataSalesReportBogaYL","id/boga/mybogaapp/features/salesreport/SalesReportController.java:24","None declared at handler; method is permitAll in SecurityConfig","","","","","","/insert/data/bogagroup/yl","","","","200","","","","void","Static source scan; directly called service/helper errors are included when resolvable, but runtime-only errors require integration tests to confirm."
"GET","/api/sales-report/insert/data/iki/sk","SalesReportController","insertDataSalesReportIkiSK","id/boga/mybogaapp/features/salesreport/SalesReportController.java:54","None declared at handler; method is permitAll in SecurityConfig","","","","","","/insert/data/iki/sk","","","","200","","","","void","Static source scan; directly called service/helper errors are included when resolvable, but runtime-only errors require integration tests to confirm."
"GET","/api/sales-report/insert/data/iki/yl","SalesReportController","insertDataSalesReportIkiYL","id/boga/mybogaapp/features/salesreport/SalesReportController.java:34","None declared at handler; method is permitAll in SecurityConfig","","","","","","/insert/data/iki/yl","","","","200","","","","void","Static source scan; directly called service/helper errors are included when resolvable, but runtime-only errors require integration tests to confirm."
"GET","/api/sales-report/send/email/bogagroup/sk","SalesReportController","sendEmailSalesReportBogaSK","id/boga/mybogaapp/features/salesreport/SalesReportController.java:49","None declared at handler; method is permitAll in SecurityConfig","","","","","","/send/email/bogagroup/sk","","","","200","","","","void","Static source scan; directly called service/helper errors are included when resolvable, but runtime-only errors require integration tests to confirm."
"GET","/api/sales-report/send/email/bogagroup/yl","SalesReportController","sendEmailSalesReportBogaYL","id/boga/mybogaapp/features/salesreport/SalesReportController.java:29","None declared at handler; method is permitAll in SecurityConfig","","","","","","/send/email/bogagroup/yl","","","","200","","","","void","Static source scan; directly called service/helper errors are included when resolvable, but runtime-only errors require integration tests to confirm."
"GET","/api/sales-report/send/email/iki/sk","SalesReportController","sendEmailSalesReportIkiSK","id/boga/mybogaapp/features/salesreport/SalesReportController.java:59","None declared at handler; method is permitAll in SecurityConfig","","","","","","/send/email/iki/sk","","","","200","","","","void","Static source scan; directly called service/helper errors are included when resolvable, but runtime-only errors require integration tests to confirm."
"GET","/api/sales-report/send/email/iki/yl","SalesReportController","sendEmailSalesReportIkiYL","id/boga/mybogaapp/features/salesreport/SalesReportController.java:39","None declared at handler; method is permitAll in SecurityConfig","","","","","","/send/email/iki/yl","","","","200","","","","void","Static source scan; directly called service/helper errors are included when resolvable, but runtime-only errors require integration tests to confirm."
"GET","/api/sales-report/send/email/monthly","SalesReportController","sendEmailSalesReportMonthly","id/boga/mybogaapp/features/salesreport/SalesReportController.java:156","None declared at handler; method is permitAll in SecurityConfig","","","","","","/send/email/monthly","","","","200","","","","void","Static source scan; directly called service/helper errors are included when resolvable, but runtime-only errors require integration tests to confirm."
"GET","/api/sales-report/send/email/v2.0/bogagroup/ls","SalesReportController","sendEmailSalesReportBogaLSV2","id/boga/mybogaapp/features/salesreport/SalesReportController.java:74","None declared at handler; method is permitAll in SecurityConfig","","","","","","/send/email/v2.0/bogagroup/ls","","","","200","","","","void","Static source scan; directly called service/helper errors are included when resolvable, but runtime-only errors require integration tests to confirm."
"GET","/api/sales-report/send/email/v2.0/bogagroup/sk","SalesReportController","sendEmailSalesReportBogaSKV2","id/boga/mybogaapp/features/salesreport/SalesReportController.java:69","None declared at handler; method is permitAll in SecurityConfig","","","","","","/send/email/v2.0/bogagroup/sk","","","","200","","","","void","Static source scan; directly called service/helper errors are included when resolvable, but runtime-only errors require integration tests to confirm."
"GET","/api/sales-report/send/email/v2.0/bogagroup/yl","SalesReportController","sendEmailSalesReportBogaYLV2","id/boga/mybogaapp/features/salesreport/SalesReportController.java:64","None declared at handler; method is permitAll in SecurityConfig","","","","","","/send/email/v2.0/bogagroup/yl","","","","200","","","","void","Static source scan; directly called service/helper errors are included when resolvable, but runtime-only errors require integration tests to confirm."
"GET","/api/sales-report/testing-only","SalesReportController","testingOnly","id/boga/mybogaapp/features/salesreport/SalesReportController.java:186","None declared at handler; method is permitAll in SecurityConfig","","","","","","/testing-only","","","","200","","","","void","Static source scan; directly called service/helper errors are included when resolvable, but runtime-only errors require integration tests to confirm."
"GET","/api/search-tag","SearchTagController","listNearbyDelivery","id/boga/mybogaapp/features/searchtag/SearchTagController.java:50","API/client/secret key (handler-level)","X-BOGA-Key","","X-BOGA-Key","","lat:double (optional/defaulted); lng:double (optional/defaulted); limit:int (optional/defaulted); countryId:int (required); search:String (optional/defaulted); sort_by:String (optional/defaulted)","Not declared","","","manual: !apiKeyProperties.equals(apiKey); manual: !search.isEmpty(); manual: outlet.getBrand().toUpperCase().contains(search.toUpperCase()) || (menuArray != null && !menuArray.isEmpty())","200","400","","","ResponseEntity<Object>","Static source scan; directly called service/helper errors are included when resolvable, but runtime-only errors require integration tests to confirm."
"GET","/api/search-tag/menu/insert","SearchTagController","insertMenuFromEsb","id/boga/mybogaapp/features/searchtag/SearchTagController.java:118","None declared at handler; method is permitAll in SecurityConfig","","","","","","/menu/insert","","","","200","","","","void","Static source scan; directly called service/helper errors are included when resolvable, but runtime-only errors require integration tests to confirm."
"GET","/api/search-tag/menu/insert-all-vp","SearchTagController","insertMenuAllVpFromEsb","id/boga/mybogaapp/features/searchtag/SearchTagController.java:134","None declared at handler; method is permitAll in SecurityConfig","","","","","","/menu/insert-all-vp","","","","200","","","","void","Static source scan; directly called service/helper errors are included when resolvable, but runtime-only errors require integration tests to confirm."
"POST","/api/search-tag/menu/insert/by-menucode","SearchTagController","insertMenuFromEsbByMenuCode","id/boga/mybogaapp/features/searchtag/SearchTagController.java:150","None declared at handler; method is permitAll in SecurityConfig","","","","","","/menu/insert/by-menucode","String (raw request body; schema not statically declared)","String (raw request body; schema not statically declared)","manual: reqMap.get(""ptCode"") == null || reqMap.get(""ptCode"").toString().isEmpty(); manual: reqMap.get(""brandId"") == null || reqMap.get(""brandId"").toString().isEmpty(); manual: reqMap.get(""menuCodes"") == null || reqMap.get(""menuCodes"").toString().isEmpty()","201","400","","","ResponseEntity<Object>","Static source scan; directly called service/helper errors are included when resolvable, but runtime-only errors require integration tests to confirm. Raw String body has no declared DTO schema."
"POST","/api/secretary-pass/inactive/user-code","SecretaryPassController","inactiveUserCode","id/boga/mybogaapp/features/secretarypass/SecretaryPassController.java:161","None declared at handler; method is permitAll in SecurityConfig","","","","","","application/json","String (raw request body; schema not statically declared)","String (raw request body; schema not statically declared)","","200","400","","Inactive UserCode","ResponseEntity<Object>","Static source scan; directly called service/helper errors are included when resolvable, but runtime-only errors require integration tests to confirm. Raw String body has no declared DTO schema."
"POST","/api/secretary-pass/register/user-code","SecretaryPassController","registerUserCode","id/boga/mybogaapp/features/secretarypass/SecretaryPassController.java:39","None declared at handler; method is permitAll in SecurityConfig","","","","","","application/json","String (raw request body; schema not statically declared)","String (raw request body; schema not statically declared)","","200","400","","Registration Successful","ResponseEntity<Object>","Static source scan; directly called service/helper errors are included when resolvable, but runtime-only errors require integration tests to confirm. Raw String body has no declared DTO schema."
"GET","/api/secretary-pass/reload-coupon","SecretaryPassController","reloadCoupon","id/boga/mybogaapp/features/secretarypass/SecretaryPassController.java:88","None declared at handler; method is permitAll in SecurityConfig","","","","","","/reload-coupon","","","","200","","","","void","Static source scan; directly called service/helper errors are included when resolvable, but runtime-only errors require integration tests to confirm."
"POST","/api/secretary-pass/renewal/user-code","SecretaryPassController","renewalUserCode","id/boga/mybogaapp/features/secretarypass/SecretaryPassController.java:108","None declared at handler; method is permitAll in SecurityConfig","","","","","","application/json","String (raw request body; schema not statically declared)","String (raw request body; schema not statically declared)","","200","400","","Renewal Successful","ResponseEntity<Object>","Static source scan; directly called service/helper errors are included when resolvable, but runtime-only errors require integration tests to confirm. Raw String body has no declared DTO schema."
"GET","/api/server/version","ApiController","getServerVersion","id/boga/mybogaapp/features/api/ApiController.java:35","None declared at handler; method is permitAll in SecurityConfig","","","","","","/server/version","","","","200","","","","String","Static source scan; directly called service/helper errors are included when resolvable, but runtime-only errors require integration tests to confirm."
"GET","/api/setting","SettingController","globalSetting","id/boga/mybogaapp/features/config/SettingController.java:55","None declared at handler; method is permitAll in SecurityConfig","","","User-Agent","","","Not declared","","","manual: !Globals.isUserAgentValid(userAgent) && properties.isProductionEnvironment()","200; 204","400; 401","","","ResponseEntity<Object>","Static source scan; directly called service/helper errors are included when resolvable, but runtime-only errors require integration tests to confirm."
"PUT","/api/setting","SettingController","updateSetting","id/boga/mybogaapp/features/config/SettingController.java:77","None declared at handler; method is permitAll in SecurityConfig","","","","","","application/json","String (raw request body; schema not statically declared)","String (raw request body; schema not statically declared)","","201","400","","","ResponseEntity<Object>","Static source scan; directly called service/helper errors are included when resolvable, but runtime-only errors require integration tests to confirm. Raw String body has no declared DTO schema."
"GET","/api/setting/{id}","SettingController","detail","id/boga/mybogaapp/features/config/SettingController.java:124","None declared at handler; method is permitAll in SecurityConfig","","","","id:String","","Not declared","","","","200","400","","","ResponseEntity<Object>","Static source scan; directly called service/helper errors are included when resolvable, but runtime-only errors require integration tests to confirm."
"GET","/api/setting/coupon/{type}","SettingController","getCoupon","id/boga/mybogaapp/features/config/SettingController.java:157","None declared at handler; method is permitAll in SecurityConfig","","","","type:String","","Not declared","","","manual: type.toLowerCase().equals(""transferable""); manual: type.toLowerCase().equals(""combine"")","200","400","","","ResponseEntity<Object>","Static source scan; directly called service/helper errors are included when resolvable, but runtime-only errors require integration tests to confirm."
"GET","/api/setting/delete-account/tnc","SettingController","getDeleteAccountTnc","id/boga/mybogaapp/features/config/SettingController.java:430","None declared at handler; method is permitAll in SecurityConfig","","","","","","Not declared","","","","200","400","","","ResponseEntity<Object>","Static source scan; directly called service/helper errors are included when resolvable, but runtime-only errors require integration tests to confirm."
"POST","/api/setting/delete-account/tnc","SettingController","updateDeleteAccountTnc","id/boga/mybogaapp/features/config/SettingController.java:475","None declared at handler; method is permitAll in SecurityConfig","","","","","","application/json","String (raw request body; schema not statically declared)","String (raw request body; schema not statically declared)","","201","400","","","ResponseEntity<Object>","Static source scan; directly called service/helper errors are included when resolvable, but runtime-only errors require integration tests to confirm. Raw String body has no declared DTO schema."
"GET","/api/setting/max-transfer","SettingController","getMaxCoupon","id/boga/mybogaapp/features/config/SettingController.java:386","None declared at handler; method is permitAll in SecurityConfig","","","","","","Not declared","","","","200","400","","","ResponseEntity<Object>","Static source scan; directly called service/helper errors are included when resolvable, but runtime-only errors require integration tests to confirm."
"GET","/api/setting/membership-card","SettingController","getMembershipCard","id/boga/mybogaapp/features/config/SettingController.java:578","None declared at handler; method is permitAll in SecurityConfig","","","","","","Not declared","","","","200","400","","","ResponseEntity<Object>","Static source scan; directly called service/helper errors are included when resolvable, but runtime-only errors require integration tests to confirm."
"POST","/api/setting/membership-card/upload","SettingController","uploadMembershipCard","id/boga/mybogaapp/features/config/SettingController.java:594","None declared at handler; method is permitAll in SecurityConfig","","","","","","application/json","String (raw request body; schema not statically declared)","String (raw request body; schema not statically declared)","","201","400","","","ResponseEntity<Object>","Static source scan; directly called service/helper errors are included when resolvable, but runtime-only errors require integration tests to confirm. Raw String body has no declared DTO schema."
"GET","/api/setting/referral_info","SettingController","getReferralInfo","id/boga/mybogaapp/features/config/SettingController.java:139","None declared at handler; method is permitAll in SecurityConfig","","","","","","Not declared","","","","200","400","","","ResponseEntity<Object>","Static source scan; directly called service/helper errors are included when resolvable, but runtime-only errors require integration tests to confirm."
"GET","/api/setting/sorting-coupon-catalog/bybrand","SettingController","getSortingCouponCatalogByBrand","id/boga/mybogaapp/features/config/SettingController.java:496","None declared at handler; method is permitAll in SecurityConfig","","","","","","Not declared","","","","200","400","","","ResponseEntity<Object>","Static source scan; directly called service/helper errors are included when resolvable, but runtime-only errors require integration tests to confirm."
"POST","/api/setting/sorting-coupon-catalog/bybrand","SettingController","updateSortingCouponCatalogByBrand","id/boga/mybogaapp/features/config/SettingController.java:516","None declared at handler; method is permitAll in SecurityConfig","","","","","","application/json","List<SortingCouponCatalogByBrand>","brandId:Integer; brandName:String; order:Integer","","201","400","","","ResponseEntity<Object>","Static source scan; directly called service/helper errors are included when resolvable, but runtime-only errors require integration tests to confirm."
"GET","/api/setting/sorting-coupon-catalog/bycoupon/{brandId}","SettingController","getSortingCouponCatalogByCoupon","id/boga/mybogaapp/features/config/SettingController.java:537","None declared at handler; method is permitAll in SecurityConfig","","","","brandId:int","","Not declared","","","","200","400","","","ResponseEntity<Object>","Static source scan; directly called service/helper errors are included when resolvable, but runtime-only errors require integration tests to confirm."
"POST","/api/setting/sorting-coupon-catalog/bycoupon/update/{brandId}","SettingController","updateSortingCouponCatalogByCoupon","id/boga/mybogaapp/features/config/SettingController.java:557","None declared at handler; method is permitAll in SecurityConfig","","","","brandId:int","","application/json","List<SortingCouponCatalogByCoupon>","brandId:int; brandName:String; couponId:int; couponName:String; order:int","","201","400","","","ResponseEntity<Object>","Static source scan; directly called service/helper errors are included when resolvable, but runtime-only errors require integration tests to confirm."
"POST","/api/setting/transfer/update/{type}","SettingController","update","id/boga/mybogaapp/features/config/SettingController.java:406","None declared at handler; method is permitAll in SecurityConfig","","","","type:String","","application/json","Transfer","maxPoint:int; maxCoupon:int; maxCombine:int; couponSource:String; couponCombineSource:String","","201","400","","","ResponseEntity<Object>","Static source scan; directly called service/helper errors are included when resolvable, but runtime-only errors require integration tests to confirm."
"GET","/api/share-the-smile/coupon-codes","ShareTheSmileController","couponCodes","id/boga/mybogaapp/features/share_the_smile/ShareTheSmileController.java:62","API/client/secret key (handler-level)","apiKey","","apiKey","","cursor:String (optional/defaulted); limit:int (optional/defaulted); status:String (optional/defaulted); prefix_code:List<String> (optional/defaulted)","/coupon-codes","","","manual: !validApiKey(apiKey); manual: limit < 1 || limit > MAX_LIMIT; manual: cursor.length() > 20; manual: !status.isEmpty() && !status.matches(""AVAILABLE|CLAIMED|EXPIRED""); manual: prefixCodes.stream().anyMatch(prefixCode -> !prefixCode.matches(""[A-Z0-9]{1,10}""))","200","400; 401","","","ResponseEntity<Object>","Static source scan; directly called service/helper errors are included when resolvable, but runtime-only errors require integration tests to confirm."
"POST","/api/share-the-smile/coupon-codes/redeem","ShareTheSmileController","redeemCouponCodes","id/boga/mybogaapp/features/share_the_smile/ShareTheSmileController.java:213","API/client/secret key (handler-level)","apiKey","","apiKey","","","/coupon-codes/redeem","String (raw request body; schema not statically declared)","String (raw request body; schema not statically declared)","","200","","","","ResponseEntity<Object>","Static source scan; directly called service/helper errors are included when resolvable, but runtime-only errors require integration tests to confirm. Raw String body has no declared DTO schema."
"POST","/api/share-the-smile/coupon-codes/status","ShareTheSmileController","syncVendorStatuses","id/boga/mybogaapp/features/share_the_smile/ShareTheSmileController.java:206","API/client/secret key (handler-level)","apiKey","","apiKey","","","/coupon-codes/status","String (raw request body; schema not statically declared)","String (raw request body; schema not statically declared)","","200","","","","ResponseEntity<Object>","Static source scan; directly called service/helper errors are included when resolvable, but runtime-only errors require integration tests to confirm. Raw String body has no declared DTO schema."
"POST","/api/share-the-smile/coupon-codes/verify","ShareTheSmileController","verifyCouponCodes","id/boga/mybogaapp/features/share_the_smile/ShareTheSmileController.java:131","API/client/secret key (handler-level)","apiKey","","apiKey","","","/coupon-codes/verify","ShareTheSmileVerificationRequest","items:List<Item>{voucherType:String; couponPinId:Integer; voucherCode:String; alias:String; promotionCode:String; voucherDescription:String; itemCode:String; itemName:String; price:Integer; discount:Integer; minimumSpending:Integer; expiredAt:String}","manual: !validApiKey(apiKey); manual: exceedsBatchSize(jsonRequest)","200","400; 401","","Coupon verification failed.","ResponseEntity<Object>","Static source scan; directly called service/helper errors are included when resolvable, but runtime-only errors require integration tests to confirm."
"GET","/api/subscriptions","SubscriptionController","allAvailableList","id/boga/mybogaapp/features/subscription/SubscriptionController.java:39","None declared at handler; method is permitAll in SecurityConfig","","","","","userUuid:String (optional/defaulted)","Not declared","","","","200; 204","400","","","ResponseEntity<?>","Static source scan; directly called service/helper errors are included when resolvable, but runtime-only errors require integration tests to confirm."
"GET","/api/subscriptions/detail","SubscriptionController","detail","id/boga/mybogaapp/features/subscription/SubscriptionController.java:77","None declared at handler; method is permitAll in SecurityConfig","","","","","subscriptionUuid:String (optional/defaulted)","/detail","","","","200","400","","","ResponseEntity<?>","Static source scan; directly called service/helper errors are included when resolvable, but runtime-only errors require integration tests to confirm."
"POST","/api/subscriptions/purchase","SubscriptionPurchaseController","purchase","id/boga/mybogaapp/features/subscription/SubscriptionPurchaseController.java:63","Request signature/HMAC + API/client/secret key (handler-level)","X-BOGA-Key; X-BOGA-Signature","","X-BOGA-Key; X-BOGA-Signature; X-BOGA-Timestamp","","","application/json","String (raw request body; schema not statically declared)","String (raw request body; schema not statically declared)","manual: !apiKeyProperties.equals(apiKey); manual: !hmacSign.equals(bogaSignature)","201","400; 403; 404","ERROR_SUBSCRIPTION_ALREADY_ACTIVE; ERROR_SUBSCRIPTION_INVALID; ERROR_SUBSCRIPTION_MODE_UNSUPPORTED; ERROR_TOTAL_AMOUNT_MISMATCH; ERROR_USER_NOT_FOUND","Purchase Subscription Failed","ResponseEntity<?>","Static source scan; directly called service/helper errors are included when resolvable, but runtime-only errors require integration tests to confirm. Raw String body has no declared DTO schema."
"GET","/api/subscriptions/purchase/config","SubscriptionPurchaseController","getPurchaseConfig","id/boga/mybogaapp/features/subscription/SubscriptionPurchaseController.java:184","None declared at handler; method is permitAll in SecurityConfig","","","","","brandId:int (required)","/config","","","","200","400","","","ResponseEntity<?>","Static source scan; directly called service/helper errors are included when resolvable, but runtime-only errors require integration tests to confirm."
"GET","/api/subscriptions/purchase/history/{userUuid}","SubscriptionPurchaseController","getHistory","id/boga/mybogaapp/features/subscription/SubscriptionPurchaseController.java:231","Request signature/HMAC (handler-level)","X-BOGA-Signature","","X-BOGA-Signature; X-BOGA-Timestamp","userUuid:String","only_on_going:Boolean (optional/defaulted)","/history/{userUuid}","","","manual: !hmacSign.equals(bogaSignature)","200; 204","400","","","ResponseEntity<Object>","Static source scan; directly called service/helper errors are included when resolvable, but runtime-only errors require integration tests to confirm."
"GET","/api/subscriptions/purchase/validate/{subscriptionPurchaseId}","SubscriptionPurchaseController","validatePurchase","id/boga/mybogaapp/features/subscription/SubscriptionPurchaseController.java:200","Request signature/HMAC (handler-level)","X-BOGA-Signature","","X-BOGA-Signature; X-BOGA-Timestamp","subscriptionPurchaseId:String","","/validate/{subscriptionPurchaseId}","","","manual: !hmacSign.equals(bogaSignature)","200","400","","","ResponseEntity<?>","Static source scan; directly called service/helper errors are included when resolvable, but runtime-only errors require integration tests to confirm."
"POST","/api/subscriptions/purchase/void","SubscriptionPurchaseController","voidSubscription","id/boga/mybogaapp/features/subscription/SubscriptionPurchaseController.java:268","API/client/secret key (handler-level)","Secret-Key","","Secret-Key","","","/void","String (raw request body; schema not statically declared)","String (raw request body; schema not statically declared)","manual: !secretKey.equals(""B0G4-VOID-SUBSCRIPTION""); manual: reqMap.get(""subscriptionPurchaseId"") == null || reqMap.get(""subscriptionPurchaseId"").toString().isEmpty()","201","400","","Transaction Not Found","ResponseEntity<?>","Static source scan; directly called service/helper errors are included when resolvable, but runtime-only errors require integration tests to confirm. Raw String body has no declared DTO schema."
"GET","/api/task/auto-redeem-subscription-coupon","AutoRedeemSubscriptionCouponTask","run","id/boga/mybogaapp/batch/AutoRedeemSubscriptionCouponTask.java:34","None declared at handler; method is permitAll in SecurityConfig","","","","","","Not declared","","","","200","","","","void","Static source scan; directly called service/helper errors are included when resolvable, but runtime-only errors require integration tests to confirm."
"GET","/api/task/birthday-coupon-gifts","BirthdayCouponGiftTask","run","id/boga/mybogaapp/batch/BirthdayCouponGiftTask.java:49","None declared at handler; method is permitAll in SecurityConfig","","","X-FORWARDED-FOR","","","Not declared","","","manual: !properties.isProductionEnvironment()) return; String logTitle = ""birthdayCouponGiftTask/IP["" + request.getHeader(""X-FORWARDED-FOR"") + ""]/""; long startMil = System.currentTimeMillis(); log.info(logTitle + ""[Start]""); try { if (couponSvc.selectCountDailyBirthdayCouponGift() > 0","200","400","","","void","Static source scan; directly called service/helper errors are included when resolvable, but runtime-only errors require integration tests to confirm."
"GET","/api/task/birthday-coupon-gifts/extra","BirthdayCouponGiftTask","runBirthdayExtraCouponGiftTask","id/boga/mybogaapp/batch/BirthdayCouponGiftTask.java:140","None declared at handler; method is permitAll in SecurityConfig","","","","","","/extra","","","","200","","","","void","Static source scan; directly called service/helper errors are included when resolvable, but runtime-only errors require integration tests to confirm."
"GET","/api/task/birthday-coupon-gifts/underage","BirthdayCouponGiftTask","runUnderageBirthdayCouponGiftTask","id/boga/mybogaapp/batch/BirthdayCouponGiftTask.java:92","None declared at handler; method is permitAll in SecurityConfig","","","","","","/underage","","","","200","","","","void","Static source scan; directly called service/helper errors are included when resolvable, but runtime-only errors require integration tests to confirm."
"GET","/api/task/birthday-push-notif","BirthdayPushNotiTask","run","id/boga/mybogaapp/batch/BirthdayPushNotiTask.java:40","None declared at handler; method is permitAll in SecurityConfig","","","","","","Not declared","","","","200","","","","void","Static source scan; directly called service/helper errors are included when resolvable, but runtime-only errors require integration tests to confirm."
"GET","/api/task/coupon-expire","CouponExpireTask","run","id/boga/mybogaapp/batch/CouponExpireTask.java:38","None declared at handler; method is permitAll in SecurityConfig","","","","","","Not declared","","","","200","","","","void","Static source scan; directly called service/helper errors are included when resolvable, but runtime-only errors require integration tests to confirm."
"GET","/api/task/coupon-expire/push-notif-send","CouponExpireTask","sendPushNotif","id/boga/mybogaapp/batch/CouponExpireTask.java:58","None declared at handler; method is permitAll in SecurityConfig","","","","","","/push-notif-send","","","","200","","","","void","Static source scan; directly called service/helper errors are included when resolvable, but runtime-only errors require integration tests to confirm."
"GET","/api/task/expire-temp-transaction","ExpireTempTransactionTask","run","id/boga/mybogaapp/batch/ExpireTempTransactionTask.java:38","None declared at handler; method is permitAll in SecurityConfig","","","","","","Not declared","","","","200","","","","void","Static source scan; directly called service/helper errors are included when resolvable, but runtime-only errors require integration tests to confirm."
"GET","/api/task/flash-sale-coupon-push-notif","FlashSaleCouponNotiTask","run","id/boga/mybogaapp/batch/FlashSaleCouponNotiTask.java:36","None declared at handler; method is permitAll in SecurityConfig","","","","","","Not declared","","","","200","","","","void","Static source scan; directly called service/helper errors are included when resolvable, but runtime-only errors require integration tests to confirm."
"GET","/api/task/inject-period-welcome-coupon","InjectPeriodWelcomeCouponTask","run","id/boga/mybogaapp/batch/InjectPeriodWelcomeCouponTask.java:33","None declared at handler; method is permitAll in SecurityConfig","","","","","","Not declared","","","","200","","","","void","Static source scan; directly called service/helper errors are included when resolvable, but runtime-only errors require integration tests to confirm."
"GET","/api/task/inject-subscription-coupon","InjectSubscriptionCouponTask","run","id/boga/mybogaapp/batch/InjectSubscriptionCouponTask.java:37","None declared at handler; method is permitAll in SecurityConfig","","","","","","Not declared","","","","200","","","","void","Static source scan; directly called service/helper errors are included when resolvable, but runtime-only errors require integration tests to confirm."
"GET","/api/task/inject-transaction/delivery","InjectTransactionTask","injectDeliveryTransaction","id/boga/mybogaapp/batch/InjectTransactionTask.java:53","None declared at handler; method is permitAll in SecurityConfig","","","","","","/delivery","","","","200","","","","void","Static source scan; directly called service/helper errors are included when resolvable, but runtime-only errors require integration tests to confirm."
"GET","/api/task/inject-transaction/dine-in","InjectTransactionTask","injectDineInTransaction","id/boga/mybogaapp/batch/InjectTransactionTask.java:85","None declared at handler; method is permitAll in SecurityConfig","","","","","","/dine-in","","","","200","","","","void","Static source scan; directly called service/helper errors are included when resolvable, but runtime-only errors require integration tests to confirm."
"GET","/api/task/membership-tier-reminder","MembershipTierReminderTask","run","id/boga/mybogaapp/batch/MembershipTierReminderTask.java:52","None declared at handler; method is permitAll in SecurityConfig","","","","","","Not declared","","","","200","","","","void","Static source scan; directly called service/helper errors are included when resolvable, but runtime-only errors require integration tests to confirm."
"GET","/api/task/membership-tier-yearly-validation","MembershipTierYearlyValidationTask","run","id/boga/mybogaapp/batch/MembershipTierYearlyValidationTask.java:55","None declared at handler; method is permitAll in SecurityConfig","","","","","","Not declared","","","","200","","","","void","Static source scan; directly called service/helper errors are included when resolvable, but runtime-only errors require integration tests to confirm."
"GET","/api/task/membership-tier-yearly-validation/red-flag","MembershipTierYearlyValidationTask","runRedFlag","id/boga/mybogaapp/batch/MembershipTierYearlyValidationTask.java:73","None declared at handler; method is permitAll in SecurityConfig","","","","","","/red-flag","","","","200","","","","void","Static source scan; directly called service/helper errors are included when resolvable, but runtime-only errors require integration tests to confirm."
"GET","/api/task/ongoing-transaction-waiting-confirm","OngoingTransactionToWaitingConfirmTask","run","id/boga/mybogaapp/batch/OngoingTransactionToWaitingConfirmTask.java:38","None declared at handler; method is permitAll in SecurityConfig","","","","","","Not declared","","","","200","","","","void","Static source scan; directly called service/helper errors are included when resolvable, but runtime-only errors require integration tests to confirm."
"GET","/api/task/payment/force_settle/bca","PaymentForceSettleTask","runBcaPayment","id/boga/mybogaapp/batch/PaymentForceSettleTask.java:42","None declared at handler; method is permitAll in SecurityConfig","","","","","","/bca","","","","200","","","","void","Static source scan; directly called service/helper errors are included when resolvable, but runtime-only errors require integration tests to confirm."
"GET","/api/task/process/coupon-upload","CouponUploadProcessorTask","run","id/boga/mybogaapp/batch/CouponUploadProcessorTask.java:78","None declared at handler; method is permitAll in SecurityConfig","","","","","","Not declared","","","","200","","","","void","Static source scan; directly called service/helper errors are included when resolvable, but runtime-only errors require integration tests to confirm."
"GET","/api/task/process/coupon-upload/delete","CouponUploadProcessorTask","runDelete","id/boga/mybogaapp/batch/CouponUploadProcessorTask.java:346","None declared at handler; method is permitAll in SecurityConfig","","","","","","/delete","","","","200","","","","void","Static source scan; directly called service/helper errors are included when resolvable, but runtime-only errors require integration tests to confirm."
"GET","/api/task/process/coupon-upload/segmented","CouponUploadProcessorTask","runSegmented","id/boga/mybogaapp/batch/CouponUploadProcessorTask.java:385","None declared at handler; method is permitAll in SecurityConfig","","","","","","/segmented","","","","200","","","","void","Static source scan; directly called service/helper errors are included when resolvable, but runtime-only errors require integration tests to confirm."
"GET","/api/task/process/coupon-upload/segmented/delete","CouponUploadProcessorTask","runDeleteSegmented","id/boga/mybogaapp/batch/CouponUploadProcessorTask.java:669","None declared at handler; method is permitAll in SecurityConfig","","","","","","/segmented/delete","","","","200","","","","void","Static source scan; directly called service/helper errors are included when resolvable, but runtime-only errors require integration tests to confirm."
"GET","/api/task/promo-coupon-send","PromoCouponSendTask","run","id/boga/mybogaapp/batch/PromoCouponSendTask.java:32","None declared at handler; method is permitAll in SecurityConfig","","","","","","Not declared","","","","200","","","","void","Static source scan; directly called service/helper errors are included when resolvable, but runtime-only errors require integration tests to confirm."
"GET","/api/task/push-notif-send","PushNotiSendTask","run","id/boga/mybogaapp/batch/PushNotiSendTask.java:42","None declared at handler; method is permitAll in SecurityConfig","","","","","","Not declared","","","","200","","","","void","Static source scan; directly called service/helper errors are included when resolvable, but runtime-only errors require integration tests to confirm."
"GET","/api/task/reservation/email","ReservationNotificationTask","sendEmail","id/boga/mybogaapp/batch/ReservationNotificationTask.java:150","None declared at handler; method is permitAll in SecurityConfig","","","","","","/email","","","","200","","","","void","Static source scan; directly called service/helper errors are included when resolvable, but runtime-only errors require integration tests to confirm."
"GET","/api/task/reservation/push-notif-send","ReservationNotificationTask","sendPushNotif","id/boga/mybogaapp/batch/ReservationNotificationTask.java:93","None declared at handler; method is permitAll in SecurityConfig","","","","","","/push-notif-send","","","","200","","","","void","Static source scan; directly called service/helper errors are included when resolvable, but runtime-only errors require integration tests to confirm."
"GET","/api/task/reservation/telegram","ReservationNotificationTask","sendTelegram","id/boga/mybogaapp/batch/ReservationNotificationTask.java:61","None declared at handler; method is permitAll in SecurityConfig","","","","","","/telegram","","","","200","","","","void","Static source scan; directly called service/helper errors are included when resolvable, but runtime-only errors require integration tests to confirm."
"GET","/api/task/spin-wheel-expire","SpinWheelExpireTask","run","id/boga/mybogaapp/batch/SpinWheelExpireTask.java:26","None declared at handler; method is permitAll in SecurityConfig","","","","","","Not declared","","","","200","","","","void","Static source scan; directly called service/helper errors are included when resolvable, but runtime-only errors require integration tests to confirm."
"GET","/api/task/subscription-expire/push-notif-send","SubscriptionExpireTask","sendPushNotif","id/boga/mybogaapp/batch/SubscriptionExpireTask.java:36","None declared at handler; method is permitAll in SecurityConfig","","","","","days:Integer (required)","/push-notif-send","","","manual: !properties.isProductionEnvironment()) return; String logTitle = ""subscriptionExpirePushNotifTask/""; long startMil = System.currentTimeMillis(); log.info(logTitle + ""[Start]""); try { if (days != 1 && days != 5; manual: days == 1","200","400","","","void","Static source scan; directly called service/helper errors are included when resolvable, but runtime-only errors require integration tests to confirm."
"GET","/api/task/telegram/transaction/send-failed-to-pos","BogaAppTelegramTask","sendFailedToPos","id/boga/mybogaapp/batch/BogaAppTelegramTask.java:62","None declared at handler; method is permitAll in SecurityConfig","","","","","","/transaction/send-failed-to-pos","","","","200","","","","void","Static source scan; directly called service/helper errors are included when resolvable, but runtime-only errors require integration tests to confirm."
"GET","/api/task/telegram/transaction/send-unchanged-status","BogaAppTelegramTask","sendUnchangedStatus","id/boga/mybogaapp/batch/BogaAppTelegramTask.java:144","None declared at handler; method is permitAll in SecurityConfig","","","","","","/transaction/send-unchanged-status","","","","200","","","","void","Static source scan; directly called service/helper errors are included when resolvable, but runtime-only errors require integration tests to confirm."
"GET","/api/task/update-transaction-payment-status","UpdateTransactionPaymentStatusTask","run","id/boga/mybogaapp/batch/UpdateTransactionPaymentStatusTask.java:35","None declared at handler; method is permitAll in SecurityConfig","","","","","","Not declared","","","","200","","","","void","Static source scan; directly called service/helper errors are included when resolvable, but runtime-only errors require integration tests to confirm."
"GET","/api/task/voucher-expire","VoucherExpireTask","run","id/boga/mybogaapp/batch/VoucherExpireTask.java:26","None declared at handler; method is permitAll in SecurityConfig","","","","","","Not declared","","","","200","","","","void","Static source scan; directly called service/helper errors are included when resolvable, but runtime-only errors require integration tests to confirm."
"GET","/api/test/geo","TestController","getGeolocation","id/boga/mybogaapp/commons/TestController.java:19","None declared at handler; method is permitAll in SecurityConfig","","","","","lat:double (required); lng:double (required); event:String (required)","Not declared","","","","200","","","","ResponseEntity<Object>","Static source scan; directly called service/helper errors are included when resolvable, but runtime-only errors require integration tests to confirm."
"POST","/api/third/push-noti","ThirdPartyPushNotiController","send","id/boga/mybogaapp/features/push_noti/ThirdPartyPushNotiController.java:32","None declared at handler; method is permitAll in SecurityConfig","","","","","","application/json","ThirdPartyPushNotiReq","navigation:String; userUuid:String; message:String; type:String; navigationId:String","navigation: @NotNull; userUuid: @NotNull; message: @NotNull; type: @NotNull","200","400","","Invalid User UUID","ResponseEntity<?>","Static source scan; directly called service/helper errors are included when resolvable, but runtime-only errors require integration tests to confirm."
"GET","/api/third/users/{userUuid}","ThirdPartyUserController","user","id/boga/mybogaapp/features/user/ThirdPartyUserController.java:26","None declared at handler; method is permitAll in SecurityConfig","","","","userUuid:String","","/{userUuid}","","","","200","400","","","ResponseEntity<?>","Static source scan; directly called service/helper errors are included when resolvable, but runtime-only errors require integration tests to confirm."
"GET","/api/transaction/checkin/check-available","TransactionController","checkCheckInOutlet","id/boga/mybogaapp/features/transaction/TransactionController.java:303","None declared at handler; method is permitAll in SecurityConfig","","","User-Agent","","user_id:String (required); outlet_id:String (required)","Not declared","","","manual: !Globals.isUserAgentValid(userAgent) && properties.isProductionEnvironment()","200; 302","400; 401","","","ResponseEntity<Object>","Static source scan; directly called service/helper errors are included when resolvable, but runtime-only errors require integration tests to confirm."
"POST","/api/transaction/checkin/hold_api","TransactionController","checkIn","id/boga/mybogaapp/features/transaction/TransactionController.java:444","None declared at handler; method is permitAll in SecurityConfig","","","","","","application/json","CheckInReq","key:String; grossTotal:BigDecimal; subTotal:BigDecimal; transactionId:String; outletId:String; orderMenus:List<TransactionMenu>{id:int; transactionId:int; price:double; quantity:int; menu:String; menuCode:String}","manual: req.getSubTotal().compareTo(BigDecimal.ZERO) == 0; manual: req.getOrderMenus() != null && req.getOrderMenus().size() > 0; manual: req.getCoupons() != null && req.getCoupons().size() > 0","201","400","","","ResponseEntity<Object>","Static source scan; directly called service/helper errors are included when resolvable, but runtime-only errors require integration tests to confirm."
"POST","/api/transaction/checkin/manual","TransactionController","checkInManual","id/boga/mybogaapp/features/transaction/TransactionController.java:566","None declared at handler; method is permitAll in SecurityConfig","","","","","","application/json","CheckInReq","key:String; grossTotal:BigDecimal; subTotal:BigDecimal; transactionId:String; outletId:String; orderMenus:List<TransactionMenu>{id:int; transactionId:int; price:double; quantity:int; menu:String; menuCode:String}","manual: req.getSubTotal().compareTo(BigDecimal.ZERO) == 0; manual: req.getOrderMenus() != null && req.getOrderMenus().size() > 0; manual: req.getCoupons() != null && req.getCoupons().size() > 0","201","400","","","ResponseEntity<Object>","Static source scan; directly called service/helper errors are included when resolvable, but runtime-only errors require integration tests to confirm."
"POST","/api/transaction/checkin/temp","TransactionController","tempCheckIn","id/boga/mybogaapp/features/transaction/TransactionController.java:390","None declared at handler; method is permitAll in SecurityConfig","","","User-Agent","","","application/json","TempCheckInReq","clientKey:String; userUuid:String; outletUuid:String; tableNumber:String","manual: !Globals.isUserAgentValid(userAgent) && properties.isProductionEnvironment()","200; 201","400; 401","","There's an ongoing transaction with same table number. Please ask staffs to check.","ResponseEntity<Object>","Static source scan; directly called service/helper errors are included when resolvable, but runtime-only errors require integration tests to confirm."
"GET","/api/transaction/checkin/temp/{uuid}","TransactionController","getTempCheckIn","id/boga/mybogaapp/features/transaction/TransactionController.java:338","None declared at handler; method is permitAll in SecurityConfig","","","User-Agent","uuid:String","","Not declared","","","manual: !Globals.isUserAgentValid(userAgent) && properties.isProductionEnvironment()","200; 204","400; 401","","","ResponseEntity<Object>","Static source scan; directly called service/helper errors are included when resolvable, but runtime-only errors require integration tests to confirm."
"POST","/api/transaction/checkin/temp/cancel/hold_api","TransactionController","cancelTransaction","id/boga/mybogaapp/features/transaction/TransactionController.java:202","None declared at handler; method is permitAll in SecurityConfig","","","","","","application/json","String (raw request body; schema not statically declared)","String (raw request body; schema not statically declared)","","201","400","","","ResponseEntity<Object>","Static source scan; directly called service/helper errors are included when resolvable, but runtime-only errors require integration tests to confirm. Raw String body has no declared DTO schema."
"POST","/api/transaction/checkin/temp/confirm","TransactionController","confirmTempCheckIn","id/boga/mybogaapp/features/transaction/TransactionController.java:241","None declared at handler; method is permitAll in SecurityConfig","","","User-Agent","","","application/json","ConfirmTempCheckIn","uuid:String; checkInCode:String","manual: !Globals.isUserAgentValid(userAgent) && properties.isProductionEnvironment()","200","400; 401","","","ResponseEntity<Object>","Static source scan; directly called service/helper errors are included when resolvable, but runtime-only errors require integration tests to confirm."
"POST","/api/transaction/checkin/temp/table_number/hold_api","TransactionController","changeTableNumber","id/boga/mybogaapp/features/transaction/TransactionController.java:179","None declared at handler; method is permitAll in SecurityConfig","","","","","","application/json","String (raw request body; schema not statically declared)","String (raw request body; schema not statically declared)","","201","400","","","ResponseEntity<Object>","Static source scan; directly called service/helper errors are included when resolvable, but runtime-only errors require integration tests to confirm. Raw String body has no declared DTO schema."
"GET","/api/transaction/checkin/waiting/{uuid}","TransactionController","getWaitingConfirmCheckIn","id/boga/mybogaapp/features/transaction/TransactionController.java:364","None declared at handler; method is permitAll in SecurityConfig","","","User-Agent","uuid:String","","Not declared","","","manual: !Globals.isUserAgentValid(userAgent) && properties.isProductionEnvironment()","200; 204","400; 401","","","ResponseEntity<Object>","Static source scan; directly called service/helper errors are included when resolvable, but runtime-only errors require integration tests to confirm."
"POST","/api/transaction/esb/auth","TransactionEsbController","createAuthenticationToken","id/boga/mybogaapp/features/transaction/TransactionEsbController.java:235","None declared at handler; method is permitAll in SecurityConfig","","","User-Agent","","","application/json","EsbAuthenticationRequest","client_id:String; client_secret:String","manual: !Globals.isUserAgentValid(userAgent) && properties.isProductionEnvironment()","200","400; 401","","","ResponseEntity<Object>","Static source scan; directly called service/helper errors are included when resolvable, but runtime-only errors require integration tests to confirm."
"GET","/api/transaction/esb/history/{userUuid}","TransactionEsbController","getHistory","id/boga/mybogaapp/features/transaction/TransactionEsbController.java:78","None declared at handler; method is permitAll in SecurityConfig","","","User-Agent","userUuid:String","start_date:String (optional/defaulted); end_date:String (optional/defaulted); mode:String (optional/defaulted); only_on_going:Boolean (optional/defaulted)","/history/{userUuid}","","","manual: !Globals.isUserAgentValid(userAgent) && properties.isProductionEnvironment()","200; 204","400; 401","","","ResponseEntity<Object>","Static source scan; directly called service/helper errors are included when resolvable, but runtime-only errors require integration tests to confirm."
"POST","/api/transaction/esb/manual-update-delivery","TransactionEsbController","manualUpdateDelivery","id/boga/mybogaapp/features/transaction/TransactionEsbController.java:197","None declared at handler; method is permitAll in SecurityConfig","","","User-Agent","","","/manual-update-delivery","String (raw request body; schema not statically declared)","String (raw request body; schema not statically declared)","","204","400","","","ResponseEntity<Object>","Static source scan; directly called service/helper errors are included when resolvable, but runtime-only errors require integration tests to confirm. Raw String body has no declared DTO schema."
"POST","/api/transaction/esb/update-delivery","TransactionEsbController","updateDeliveryV2","id/boga/mybogaapp/features/transaction/TransactionEsbController.java:159","None declared at handler; method is permitAll in SecurityConfig","","","User-Agent","","","/update-delivery","String (raw request body; schema not statically declared)","String (raw request body; schema not statically declared)","manual: !Globals.isUserAgentValid(userAgent) && properties.isProductionEnvironment()","204","400; 401","","","ResponseEntity<Object>","Static source scan; directly called service/helper errors are included when resolvable, but runtime-only errors require integration tests to confirm. Raw String body has no declared DTO schema."
"GET","/api/transaction/logdetail","TransactionController","transactionLogDetail","id/boga/mybogaapp/features/transaction/TransactionController.java:988","Request signature/HMAC (handler-level)","X-BOGA-Signature","","X-BOGA-Signature; X-BOGA-Timestamp","","logId:String (required)","Not declared","","","manual: !hmacSign.equals(bogaSignature)","200","400","","","ResponseEntity<Object>","Static source scan; directly called service/helper errors are included when resolvable, but runtime-only errors require integration tests to confirm."
"POST","/api/transaction/menus","TransactionController","updateTransactionMenu","id/boga/mybogaapp/features/transaction/TransactionController.java:124","None declared at handler; method is permitAll in SecurityConfig","","","","","","/menus","String (raw request body; schema not statically declared)","String (raw request body; schema not statically declared)","","200","400","","","ResponseEntity<?>","Static source scan; directly called service/helper errors are included when resolvable, but runtime-only errors require integration tests to confirm. Raw String body has no declared DTO schema."
"POST","/api/transaction/reorder","TransactionController","reorder","id/boga/mybogaapp/features/transaction/TransactionController.java:688","Request signature/HMAC (handler-level)","X-BOGA-Signature","","User-Agent; X-BOGA-Signature; X-BOGA-Timestamp","","","reorder","String (raw request body; schema not statically declared)","String (raw request body; schema not statically declared)","manual: !hmacSign.equals(bogaSignature)","200","400; 403; 404; 500","ERROR_INVALID_TRANSACTION_MODE; ERROR_MENU_INSUFFICIENT_QTY; ERROR_MENU_UNAVAILABLE; ERROR_OUTLET_OUT_OF_OP_HOURS; ERROR_OUTLET_OUT_OF_RANGE; ERROR_OUTLET_TEMPORARILY_CLOSED; ERROR_SYSTEM; ERROR_TRANSACTION_NOT_FOUND","","ResponseEntity<?>","Static source scan; directly called service/helper errors are included when resolvable, but runtime-only errors require integration tests to confirm. Raw String body has no declared DTO schema."
"GET","/api/transaction/report/daily-processing-time","TransactionController","dailyProcessingTimeReport","id/boga/mybogaapp/features/transaction/TransactionController.java:1036","None declared at handler; method is permitAll in SecurityConfig","","","","","","/report/daily-processing-time","","","","200","","","","void","Static source scan; directly called service/helper errors are included when resolvable, but runtime-only errors require integration tests to confirm."
"GET","/api/transaction/report/daily-processing-time-email","TransactionController","dailyProcessingTimeReportEmail","id/boga/mybogaapp/features/transaction/TransactionController.java:1041","None declared at handler; method is permitAll in SecurityConfig","","","","","","/report/daily-processing-time-email","","","","200","","","","void","Static source scan; directly called service/helper errors are included when resolvable, but runtime-only errors require integration tests to confirm."
"GET","/api/transaction/revenue-share/lippo","TransactionRevenueShareController","sendRevShare","id/boga/mybogaapp/features/transaction/TransactionRevenueShareController.java:34","None declared at handler; method is permitAll in SecurityConfig","","","","","","/lippo","","","","200","500","","","ResponseEntity<Object>","Static source scan; directly called service/helper errors are included when resolvable, but runtime-only errors require integration tests to confirm."
"GET","/api/transaction/revenue-share/melawai","TransactionRevenueShareController","sendRevShareMelawai","id/boga/mybogaapp/features/transaction/TransactionRevenueShareController.java:196","None declared at handler; method is permitAll in SecurityConfig","","","","","","/melawai","","","","200","500","","","ResponseEntity<Object>","Static source scan; directly called service/helper errors are included when resolvable, but runtime-only errors require integration tests to confirm."
"GET","/api/transaction/revenue-share/paskal/insert","TransactionRevenueShareController","insertRevSharePaskal","id/boga/mybogaapp/features/transaction/TransactionRevenueShareController.java:255","None declared at handler; method is permitAll in SecurityConfig","","","","","","/paskal/insert","","","","200","","","","void","Static source scan; directly called service/helper errors are included when resolvable, but runtime-only errors require integration tests to confirm."
"GET","/api/transaction/revenue-share/paskal/send","TransactionRevenueShareController","sendRevSharePaskal","id/boga/mybogaapp/features/transaction/TransactionRevenueShareController.java:260","None declared at handler; method is permitAll in SecurityConfig","","","","","","/paskal/send","","","","200","","","","void","Static source scan; directly called service/helper errors are included when resolvable, but runtime-only errors require integration tests to confirm."
"GET","/api/transaction/revenue-share/swing","TransactionRevenueShareController","sendRevShareSwing","id/boga/mybogaapp/features/transaction/TransactionRevenueShareController.java:134","None declared at handler; method is permitAll in SecurityConfig","","","","","","/swing","","","","200","500","","","ResponseEntity<Object>","Static source scan; directly called service/helper errors are included when resolvable, but runtime-only errors require integration tests to confirm."
"POST","/api/transaction/self","TransactionController","selfCheckIn","id/boga/mybogaapp/features/transaction/TransactionController.java:822","None declared at handler; method is permitAll in SecurityConfig","","","","","","/self","SelfCheckInReq","subtotal:BigDecimal; coupon_used:boolean; outlet_id:String; table_number:String; bill_ref:String; timestamp:String; phone_number:String; user_uuid:String; trx_uuid:String","manual: req.getSubtotal().compareTo(BigDecimal.ZERO) == 0; manual: req.isCoupon_used()","201","400","","","ResponseEntity<?>","Static source scan; directly called service/helper errors are included when resolvable, but runtime-only errors require integration tests to confirm."
"POST","/api/transaction/status/array/hold_api","TransactionController","checkTransactionStatus","id/boga/mybogaapp/features/transaction/TransactionController.java:154","None declared at handler; method is permitAll in SecurityConfig","","","","","","/status/array/hold_api","String (raw request body; schema not statically declared)","String (raw request body; schema not statically declared)","","200","400","","","ResponseEntity<?>","Static source scan; directly called service/helper errors are included when resolvable, but runtime-only errors require integration tests to confirm. Raw String body has no declared DTO schema."
"POST","/api/transaction/test-coupon-transaction/{uuid}","TransactionController","testCouponTransaction","id/boga/mybogaapp/features/transaction/TransactionController.java:972","None declared at handler; method is permitAll in SecurityConfig","","","","uuid:String","","/test-coupon-transaction/{uuid}","","","","201","","","","ResponseEntity<?>","Static source scan; directly called service/helper errors are included when resolvable, but runtime-only errors require integration tests to confirm."
"POST","/api/users/{userId}/coupons","UserCouponController","exchange","id/boga/mybogaapp/features/coupon/UserCouponController.java:105","API/client/secret key (handler-level)","X-BOGA-Key","","X-BOGA-Key; User-Agent","userId:String; countryId:Integer","","application/json","CouponExchangeReq","quantity:int; userUuid:String; couponUuid:String","manual: !apiKeyProperties.equals(apiKey); manual: !Globals.isUserAgentValid(userAgent) && properties.isProductionEnvironment()","201","400; 401; 403","","Flash Sale Ended; Max Coupon Purchase Reached; Max Flash Sale Reached; Point is not enough; User not eligible","ResponseEntity<Object>","Static source scan; directly called service/helper errors are included when resolvable, but runtime-only errors require integration tests to confirm."
"GET","/api/users/{userId}/coupons/{pinUuid}","UserCouponController","userCouponDetail","id/boga/mybogaapp/features/coupon/UserCouponController.java:429","None declared at handler; method is permitAll in SecurityConfig","","","User-Agent","userId:String; pinUuid:String","","Not declared","","","manual: !Globals.isUserAgentValid(userAgent) && properties.isProductionEnvironment()","200","400; 401","","","ResponseEntity<Object>","Static source scan; directly called service/helper errors are included when resolvable, but runtime-only errors require integration tests to confirm."
"POST","/api/users/{userId}/coupons/activate","UserCouponController","activateUserCoupon","id/boga/mybogaapp/features/coupon/UserCouponController.java:751","Request signature/HMAC + API/client/secret key (handler-level)","X-BOGA-Key; X-BOGA-Signature","","X-BOGA-Key; X-BOGA-Signature; X-BOGA-Timestamp","userId:String","","application/json","String (raw request body; schema not statically declared)","String (raw request body; schema not statically declared)","manual: !apiKeyProperties.equals(apiKey); manual: !hmacSign.equals(bogaSignature)","201","400; 403; 404; 500","ERROR_SYSTEM; ERROR_USER_COUPON_INVALID; ERROR_USER_COUPON_NOT_FOUND; ERROR_USER_COUPON_OUT_OF_PERIOD; ERROR_USER_NOT_FOUND; ERROR_USER_UNVERIFIED","SUCCESS_ACTIVATED","ResponseEntity<Object>","Static source scan; directly called service/helper errors are included when resolvable, but runtime-only errors require integration tests to confirm. Raw String body has no declared DTO schema."
"GET","/api/users/{userId}/coupons/available","UserCouponController","userAvailableList","id/boga/mybogaapp/features/coupon/UserCouponController.java:189","None declared at handler; method is permitAll in SecurityConfig","","","User-Agent","userId:String","offset:int (optional/defaulted); limit:int (optional/defaulted); country_id:int (required); benefit_category:String (optional/defaulted)","Not declared","","","manual: !Globals.isUserAgentValid(userAgent) && properties.isProductionEnvironment(); manual: benefit_category.toLowerCase().equals(""transfer""); manual: !benefit_category.toLowerCase().equals(""transfer"")","200; 204","400; 401","","","ResponseEntity<Object>","Static source scan; directly called service/helper errors are included when resolvable, but runtime-only errors require integration tests to confirm."
"GET","/api/users/{userId}/coupons/available/multi-coupon","UserCouponController","userAvailableMultiCouponList","id/boga/mybogaapp/features/coupon/UserCouponController.java:305","None declared at handler; method is permitAll in SecurityConfig","","","User-Agent","userId:String","code:String (required)","Not declared","","","manual: !Globals.isUserAgentValid(userAgent) && properties.isProductionEnvironment()","200; 204","400; 401","","","ResponseEntity<Object>","Static source scan; directly called service/helper errors are included when resolvable, but runtime-only errors require integration tests to confirm."
"ANY","/api/users/{userId}/coupons/available/outlets/{outletId}","UserCouponController","outletAvailableList","id/boga/mybogaapp/features/coupon/UserCouponController.java:158","Bearer JWT may be required by SecurityConfig for methods not explicitly permitAll","","","User-Agent","userId:String; outletId:String","country_id:int (required)","/available/outlets/{outletId}","","","manual: !Globals.isUserAgentValid(userAgent) && properties.isProductionEnvironment()","200; 204","400; 401","","","ResponseEntity<Object>","Static source scan; directly called service/helper errors are included when resolvable, but runtime-only errors require integration tests to confirm. @RequestMapping does not restrict the HTTP method."
"POST","/api/users/{userId}/coupons/country","UserCouponController","exchange","id/boga/mybogaapp/features/coupon/UserCouponController.java:105","API/client/secret key (handler-level)","X-BOGA-Key","","X-BOGA-Key; User-Agent","userId:String; countryId:Integer","","application/json","CouponExchangeReq","quantity:int; userUuid:String; couponUuid:String","manual: !apiKeyProperties.equals(apiKey); manual: !Globals.isUserAgentValid(userAgent) && properties.isProductionEnvironment()","201","400; 401; 403","","Flash Sale Ended; Max Coupon Purchase Reached; Max Flash Sale Reached; Point is not enough; User not eligible","ResponseEntity<Object>","Static source scan; directly called service/helper errors are included when resolvable, but runtime-only errors require integration tests to confirm."
"POST","/api/users/{userId}/coupons/country/{countryId}","UserCouponController","exchange","id/boga/mybogaapp/features/coupon/UserCouponController.java:105","API/client/secret key (handler-level)","X-BOGA-Key","","X-BOGA-Key; User-Agent","userId:String; countryId:Integer","","application/json","CouponExchangeReq","quantity:int; userUuid:String; couponUuid:String","manual: !apiKeyProperties.equals(apiKey); manual: !Globals.isUserAgentValid(userAgent) && properties.isProductionEnvironment()","201","400; 401; 403","","Flash Sale Ended; Max Coupon Purchase Reached; Max Flash Sale Reached; Point is not enough; User not eligible","ResponseEntity<Object>","Static source scan; directly called service/helper errors are included when resolvable, but runtime-only errors require integration tests to confirm."
"POST","/api/users/{userId}/coupons/qr-campaign/scan","UserCouponController","scanQrCampaign","id/boga/mybogaapp/features/coupon/UserCouponController.java:849","Request signature/HMAC + API/client/secret key (handler-level)","X-BOGA-Key; X-BOGA-Signature","","X-BOGA-Key; X-BOGA-Signature; X-BOGA-Timestamp","userId:String","","application/json","String (raw request body; schema not statically declared)","String (raw request body; schema not statically declared)","manual: !apiKeyProperties.equals(apiKey); manual: !hmacSign.equals(bogaSignature)","201","400; 403; 404; 500","ERROR_QR_COUPON_DAILY_LIMIT_REACHED; ERROR_QR_COUPON_INELIGIBLE_USER; ERROR_QR_COUPON_INVALID; ERROR_QR_COUPON_LIMIT_REACHED; ERROR_QR_COUPON_OUT_OF_PERIOD; ERROR_QR_COUPON_TOTAL_LIMIT_REACHED; ERROR_SYSTEM; ERROR_USER_NOT_FOUND","SUCCESS_REDEEMED","ResponseEntity<Object>","Static source scan; directly called service/helper errors are included when resolvable, but runtime-only errors require integration tests to confirm. Raw String body has no declared DTO schema."
"POST","/api/users/{userId}/coupons/transfer","UserCouponController","transferCoupon","id/boga/mybogaapp/features/coupon/UserCouponController.java:584","Request signature/HMAC + API/client/secret key (handler-level)","X-BOGA-Key; X-BOGA-Signature","","X-BOGA-Key; X-BOGA-Signature; X-BOGA-Timestamp","userId:String","","application/json","String (raw request body; schema not statically declared)","String (raw request body; schema not statically declared)","manual: !apiKeyProperties.equals(apiKey); manual: !hmacSign.equals(bogaSignature); manual: !giver.isPhoneVerified() && !giver.getUuid().equals(uuid)","201","400; 403; 404","","Invalid Coupon; Maximum coupon transfer reached; Transfer Coupon Failed","ResponseEntity<Object>","Static source scan; directly called service/helper errors are included when resolvable, but runtime-only errors require integration tests to confirm. Raw String body has no declared DTO schema."
"GET","/api/users/{userId}/coupons/transfer/{transferId}","UserCouponController","pointTransferDetail","id/boga/mybogaapp/features/coupon/UserCouponController.java:719","Request signature/HMAC (handler-level)","X-BOGA-Signature","","X-BOGA-Signature; X-BOGA-Timestamp","userId:String; transferId:String","","Not declared","","","manual: !hmacSign.equals(bogaSignature)","200","400","","","ResponseEntity<Object>","Static source scan; directly called service/helper errors are included when resolvable, but runtime-only errors require integration tests to confirm."
"GET","/api/users/{userId}/coupons/transfer/limit","UserCouponController","CouponTransferLimit","id/boga/mybogaapp/features/coupon/UserCouponController.java:549","Request signature/HMAC (handler-level)","X-BOGA-Signature","","X-BOGA-Signature; X-BOGA-Timestamp","userId:String","","Not declared","","","manual: !hmacSign.equals(bogaSignature)","200","400","","","ResponseEntity<Object>","Static source scan; directly called service/helper errors are included when resolvable, but runtime-only errors require integration tests to confirm."
"GET","/api/users/{userId}/coupons/unavailable","UserCouponController","userUnavailableList","id/boga/mybogaapp/features/coupon/UserCouponController.java:354","None declared at handler; method is permitAll in SecurityConfig","","","User-Agent","userId:String","offset:int (required); limit:int (required); country_id:int (required)","Not declared","","","manual: !Globals.isUserAgentValid(userAgent) && properties.isProductionEnvironment()","200; 204","400; 401","","","ResponseEntity<Object>","Static source scan; directly called service/helper errors are included when resolvable, but runtime-only errors require integration tests to confirm."
"PUT","/api/users/{userUuid}","UserController","updateProfile","id/boga/mybogaapp/features/user/UserController.java:353","None declared at handler; method is permitAll in SecurityConfig","","","User-Agent","userUuid:String","","application/json","User","id:int; gender:String; phoneVerified:boolean; uuid:String; email:String; password:String; phonePassword:String; phone:String; name:String; firstName:String; lastName:String; image:String; serial:String; birthday:String; socialToken:String; signupMethod:String; editCounter:int; regDt:String; modDt:String; IS_BLOCK:Boolean; BLOCK_NOTE:String; IS_DELETE:Boolean; DELETE_NOTE:String; referralCode:String; cardLs:List<Map<String, Object>>; method:String; deviceIp:String; sendto:String; referenceId:int; referenceCode:String","manual: !Globals.isUserAgentValid(userAgent) && properties.isProductionEnvironment()","201","400; 401; 403; 404; 409; 500","ERROR_DUPLICATE_DATA; ERROR_SEND_OTP_CODE; ERROR_USER_BLOCKED; ERROR_USER_NOT_FOUND","Maximum edit quota Reached","ResponseEntity<Object>","Static source scan; directly called service/helper errors are included when resolvable, but runtime-only errors require integration tests to confirm."
"PUT","/api/users/{userUuid}/additional-info","UserController","updateProfileAdditionalInfo","id/boga/mybogaapp/features/user/UserController.java:532","Validated User-Agent (handler-level)","User-Agent","","User-Agent","userUuid:String","","application/json","UserDetail","homePostalCode:String; institutePostalCode:String; menuPork:Boolean; menuAlcohol:Boolean; menuParcel:Boolean; relationList:List<UserRelation>{id:String; userId:int; name:String; relationship:String; birthday:String; isEligible:Boolean; isActive:Boolean; reason:String; regDt:String; firstName:String; lastName:String}; isEditBenefits:Boolean; emailVerified:Boolean","manual: !Globals.isUserAgentValid(userAgent) && properties.isProductionEnvironment()","201","400; 401; 403; 409; 500","ERROR_DUPLICATE_DATA; ERROR_FIELDS_EMPTY; ERROR_INVALID_USER_AGENT; ERROR_INVALID_VALUE; ERROR_SYSTEM; ERROR_USER_EDIT","","ResponseEntity<Object>","Static source scan; directly called service/helper errors are included when resolvable, but runtime-only errors require integration tests to confirm."
"GET","/api/users/{userUuid}/address","UserController","getAddress","id/boga/mybogaapp/features/user/UserController.java:1014","Request signature/HMAC (handler-level)","X-BOGA-Signature","","User-Agent; X-BOGA-Signature; X-BOGA-Timestamp","userUuid:String","","Not declared","","","manual: !Globals.isUserAgentValid(userAgent) && properties.isProductionEnvironment(); manual: !hmacSign.equals(bogaSignature)","200","400; 401","","","ResponseEntity<Object>","Static source scan; directly called service/helper errors are included when resolvable, but runtime-only errors require integration tests to confirm."
"POST","/api/users/{userUuid}/address","UserController","addAddress","id/boga/mybogaapp/features/user/UserController.java:883","None declared at handler; method is permitAll in SecurityConfig","","","User-Agent","userUuid:String","","application/json","UserAddress","id:int; userId:int; address:String; addressDetail:String; addressLabel:String; recepientName:String; phoneNumber:String; note:String; isDefault:Boolean; isActive:Boolean; longitude:Double; latitude:Double; regDt:String; modDt:String","manual: !Globals.isUserAgentValid(userAgent) && properties.isProductionEnvironment()","201","400; 401","","","ResponseEntity<Object>","Static source scan; directly called service/helper errors are included when resolvable, but runtime-only errors require integration tests to confirm."
"GET","/api/users/{userUuid}/address-default","UserController","getAddressDefault","id/boga/mybogaapp/features/user/UserController.java:1053","Request signature/HMAC (handler-level)","X-BOGA-Signature","","User-Agent; X-BOGA-Signature; X-BOGA-Timestamp","userUuid:String","","Not declared","","","manual: !Globals.isUserAgentValid(userAgent) && properties.isProductionEnvironment(); manual: !hmacSign.equals(bogaSignature)","200","400; 401","","","ResponseEntity<Object>","Static source scan; directly called service/helper errors are included when resolvable, but runtime-only errors require integration tests to confirm."
"PUT","/api/users/{userUuid}/address-default/{id}","UserController","setDefaultAddress","id/boga/mybogaapp/features/user/UserController.java:972","Request signature/HMAC (handler-level)","X-BOGA-Signature","","User-Agent; X-BOGA-Signature; X-BOGA-Timestamp","userUuid:String; id:int","","Not declared","","","manual: !Globals.isUserAgentValid(userAgent) && properties.isProductionEnvironment(); manual: !hmacSign.equals(bogaSignature)","201","400; 401","","","ResponseEntity<Object>","Static source scan; directly called service/helper errors are included when resolvable, but runtime-only errors require integration tests to confirm."
"DELETE","/api/users/{userUuid}/address/{id}","UserController","deleteAddress","id/boga/mybogaapp/features/user/UserController.java:1092","Request signature/HMAC (handler-level)","X-BOGA-Signature","","User-Agent; X-BOGA-Signature; X-BOGA-Timestamp","userUuid:String; id:int","","Not declared","","","manual: !Globals.isUserAgentValid(userAgent) && properties.isProductionEnvironment(); manual: !hmacSign.equals(bogaSignature)","200","400; 401","","","ResponseEntity<Object>","Static source scan; directly called service/helper errors are included when resolvable, but runtime-only errors require integration tests to confirm."
"PUT","/api/users/{userUuid}/address/{id}","UserController","updateAddress","id/boga/mybogaapp/features/user/UserController.java:921","Request signature/HMAC (handler-level)","X-BOGA-Signature","","User-Agent; X-BOGA-Signature; X-BOGA-Timestamp","userUuid:String; id:int","","application/json","UserAddress","id:int; userId:int; address:String; addressDetail:String; addressLabel:String; recepientName:String; phoneNumber:String; note:String; isDefault:Boolean; isActive:Boolean; longitude:Double; latitude:Double; regDt:String; modDt:String","manual: !Globals.isUserAgentValid(userAgent) && properties.isProductionEnvironment(); manual: !hmacSign.equals(bogaSignature)","201","400; 401","","","ResponseEntity<Object>","Static source scan; directly called service/helper errors are included when resolvable, but runtime-only errors require integration tests to confirm."
"GET","/api/users/{userUuid}/initialize","UserController","initializeData","id/boga/mybogaapp/features/user/UserController.java:125","Request signature/HMAC (handler-level)","X-BOGA-Signature","","User-Agent; X-BOGA-Signature; X-BOGA-Timestamp","userUuid:String","","Not declared","","","manual: !Globals.isUserAgentValid(userAgent) && properties.isProductionEnvironment(); manual: !hmacSign.equals(bogaSignature)","200","400; 401","","","ResponseEntity<Object>","Static source scan; directly called service/helper errors are included when resolvable, but runtime-only errors require integration tests to confirm."
"GET","/api/users/{userUuid}/membership-card","UserController","getUserMembershipCard","id/boga/mybogaapp/features/user/UserController.java:718","None declared at handler; method is permitAll in SecurityConfig","","","","userUuid:String","","Not declared","","","","200; 204","400","","","ResponseEntity<Object>","Static source scan; directly called service/helper errors are included when resolvable, but runtime-only errors require integration tests to confirm."
"PUT","/api/users/{userUuid}/membership-card","UserController","updateMembershipCard","id/boga/mybogaapp/features/user/UserController.java:665","None declared at handler; method is permitAll in SecurityConfig","","","","userUuid:String","","application/json","String (raw request body; schema not statically declared)","String (raw request body; schema not statically declared)","","201","400; 500","ERROR_FIELDS_EMPTY; ERROR_SYSTEM","","ResponseEntity<Object>","Static source scan; directly called service/helper errors are included when resolvable, but runtime-only errors require integration tests to confirm. Raw String body has no declared DTO schema."
"GET","/api/users/{userUuid}/membership-card/confirm","UserController","confirmUserMembershipCard","id/boga/mybogaapp/features/user/UserController.java:800","None declared at handler; method is permitAll in SecurityConfig","","","","userUuid:String","","Not declared","","","","200","400","","","ResponseEntity<Object>","Static source scan; directly called service/helper errors are included when resolvable, but runtime-only errors require integration tests to confirm."
"GET","/api/users/{userUuid}/membership-card/message","UserController","getUserMembershipCardMessage","id/boga/mybogaapp/features/user/UserController.java:756","None declared at handler; method is permitAll in SecurityConfig","","","","userUuid:String","","Not declared","","","","200","400","","","ResponseEntity<Object>","Static source scan; directly called service/helper errors are included when resolvable, but runtime-only errors require integration tests to confirm."
"GET","/api/users/{userUuid}/membership-card/reset","UserController","resetUserMembershipCard","id/boga/mybogaapp/features/user/UserController.java:740","None declared at handler; method is permitAll in SecurityConfig","","","","userUuid:String","","Not declared","","","","200","400","","","ResponseEntity<Object>","Static source scan; directly called service/helper errors are included when resolvable, but runtime-only errors require integration tests to confirm."
"GET","/api/users/{userUuid}/messages","UserMessageController","userMessageList","id/boga/mybogaapp/features/message/UserMessageController.java:93","None declared at handler; method is permitAll in SecurityConfig","","","User-Agent","userUuid:String","offset:int (required); limit:int (required)","Not declared","","","manual: !Globals.isUserAgentValid(userAgent) && properties.isProductionEnvironment()","200; 204","400; 401","","","ResponseEntity<Object>","Static source scan; directly called service/helper errors are included when resolvable, but runtime-only errors require integration tests to confirm."
"POST","/api/users/{userUuid}/messages/unread","UserMessageController","markAllRead","id/boga/mybogaapp/features/message/UserMessageController.java:69","None declared at handler; method is permitAll in SecurityConfig","","","User-Agent","userUuid:String","","Not declared","","","manual: !Globals.isUserAgentValid(userAgent) && properties.isProductionEnvironment()","201","400; 401","","","ResponseEntity<Object>","Static source scan; directly called service/helper errors are included when resolvable, but runtime-only errors require integration tests to confirm."
"GET","/api/users/{userUuid}/messages/unread/count","UserMessageController","unreadMessageCount","id/boga/mybogaapp/features/message/UserMessageController.java:41","None declared at handler; method is permitAll in SecurityConfig","","","User-Agent","userUuid:String","","Not declared","","","manual: !Globals.isUserAgentValid(userAgent) && properties.isProductionEnvironment()","200","400; 401","","","ResponseEntity<Object>","Static source scan; directly called service/helper errors are included when resolvable, but runtime-only errors require integration tests to confirm."
"GET","/api/users/{userUuid}/spin-wheels","UserSpinWheelController","getSpinWheel","id/boga/mybogaapp/features/spin_wheel/UserSpinWheelController.java:45","None declared at handler; method is permitAll in SecurityConfig","","","","userUuid:String","","Not declared","","","","200","400","","","ResponseEntity<?>","Static source scan; directly called service/helper errors are included when resolvable, but runtime-only errors require integration tests to confirm."
"POST","/api/users/{userUuid}/spin-wheels/spin","UserSpinWheelController","spin","id/boga/mybogaapp/features/spin_wheel/UserSpinWheelController.java:121","None declared at handler; method is permitAll in SecurityConfig","","","","userUuid:String","","/spin","String (raw request body; schema not statically declared)","String (raw request body; schema not statically declared)","","201","400; 403; 500","ERROR_SPIN_WHEEL_OUT_OF_PERIOD; ERROR_SPIN_WHEEL_OUT_OF_QUOTA; ERROR_SYSTEM","","ResponseEntity<?>","Static source scan; directly called service/helper errors are included when resolvable, but runtime-only errors require integration tests to confirm. Raw String body has no declared DTO schema."
"GET","/api/users/{userUuid}/subscriptions/{purchaseUuid}","UserSubscriptionController","detail","id/boga/mybogaapp/features/subscription/UserSubscriptionController.java:79","Request signature/HMAC (handler-level)","X-BOGA-Signature","","X-BOGA-Signature; X-BOGA-Timestamp","userUuid:String; purchaseUuid:String","","Not declared","","","manual: !hmacSign.equals(bogaSignature)","200","400","","","ResponseEntity<Object>","Static source scan; directly called service/helper errors are included when resolvable, but runtime-only errors require integration tests to confirm."
"GET","/api/users/{userUuid}/subscriptions/history","UserSubscriptionController","historyList","id/boga/mybogaapp/features/subscription/UserSubscriptionController.java:40","Request signature/HMAC (handler-level)","X-BOGA-Signature","","X-BOGA-Signature; X-BOGA-Timestamp","userUuid:String","offset:int (required); limit:int (required); available:Boolean (optional/defaulted)","/history","","","manual: !hmacSign.equals(bogaSignature)","200; 204","400","","","ResponseEntity<?>","Static source scan; directly called service/helper errors are included when resolvable, but runtime-only errors require integration tests to confirm."
"GET","/api/users/{userUuid}/tier","UserMembershipTierController","currentTier","id/boga/mybogaapp/features/membership_tier/UserMembershipTierController.java:56","None declared at handler; method is permitAll in SecurityConfig","","","","userUuid:String","","Not declared","","","","200","400","","","ResponseEntity<?>","Static source scan; directly called service/helper errors are included when resolvable, but runtime-only errors require integration tests to confirm."
"GET","/api/users/{userUuid}/tier/benefits/tnc","UserMembershipTierController","tierBenefitTncs","id/boga/mybogaapp/features/membership_tier/UserMembershipTierController.java:198","None declared at handler; method is permitAll in SecurityConfig","","","","userUuid:String","","/benefits/tnc","","","","200","400","","","ResponseEntity<?>","Static source scan; directly called service/helper errors are included when resolvable, but runtime-only errors require integration tests to confirm."
"GET","/api/users/{userUuid}/tier/giveaway-coupon","UserMembershipTierController","upgradeGiveawayCouponList","id/boga/mybogaapp/features/membership_tier/UserMembershipTierController.java:126","None declared at handler; method is permitAll in SecurityConfig","","","","userUuid:String","","/giveaway-coupon","","","","200; 204","400","","","ResponseEntity<?>","Static source scan; directly called service/helper errors are included when resolvable, but runtime-only errors require integration tests to confirm."
"POST","/api/users/{userUuid}/tier/giveaway-coupon","UserMembershipTierController","chooseGiveawayCoupon","id/boga/mybogaapp/features/membership_tier/UserMembershipTierController.java:162","None declared at handler; method is permitAll in SecurityConfig","","","","userUuid:String","","/giveaway-coupon","TierUpgradeCouponReq","TierUpgradeCouponReq","","201","400","","","ResponseEntity<?>","Static source scan; directly called service/helper errors are included when resolvable, but runtime-only errors require integration tests to confirm."
"GET","/api/users/{userUuid}/tier/stat","UserMembershipTierController","currentStatus","id/boga/mybogaapp/features/membership_tier/UserMembershipTierController.java:104","None declared at handler; method is permitAll in SecurityConfig","","","","userUuid:String","","/stat","","","","200; 204","400","","","ResponseEntity<?>","Static source scan; directly called service/helper errors are included when resolvable, but runtime-only errors require integration tests to confirm."
"GET","/api/users/{userUuid}/transaction/history","UserTransactionController","historyList","id/boga/mybogaapp/features/transaction/UserTransactionController.java:58","Request signature/HMAC (handler-level)","X-BOGA-Signature","","User-Agent; X-BOGA-Signature; X-BOGA-Timestamp","userUuid:String","offset:int (required); limit:int (required); status:String (optional/defaulted)","Not declared","","","manual: !Globals.isUserAgentValid(userAgent) && properties.isProductionEnvironment(); manual: !hmacSign.equals(bogaSignature)","200; 204","400; 401","","","ResponseEntity<Object>","Static source scan; directly called service/helper errors are included when resolvable, but runtime-only errors require integration tests to confirm."
"GET","/api/users/{userUuid}/transaction/history/{trxUuid}","UserTransactionController","getHistoryDetail","id/boga/mybogaapp/features/transaction/UserTransactionController.java:165","Request signature/HMAC (handler-level)","X-BOGA-Signature","","User-Agent; X-BOGA-Signature; X-BOGA-Timestamp","userUuid:String; trxUuid:String","","Not declared","","","manual: !Globals.isUserAgentValid(userAgent) && properties.isProductionEnvironment(); manual: !hmacSign.equals(bogaSignature)","200","400; 401","","","ResponseEntity<Object>","Static source scan; directly called service/helper errors are included when resolvable, but runtime-only errors require integration tests to confirm."
"GET","/api/users/{userUuid}/transaction/history/earn-burn","UserTransactionController","historyEarnBurnList","id/boga/mybogaapp/features/transaction/UserTransactionController.java:111","None declared at handler; method is permitAll in SecurityConfig","","","User-Agent","userUuid:String","offset:int (required); limit:int (required)","Not declared","","","manual: !Globals.isUserAgentValid(userAgent) && properties.isProductionEnvironment()","200","400; 401","","","ResponseEntity<Object>","Static source scan; directly called service/helper errors are included when resolvable, but runtime-only errors require integration tests to confirm."
"GET","/api/users/{userUuid}/vouchers","UserVoucherController","availableList","id/boga/mybogaapp/features/voucher/b2c/UserVoucherController.java:67","Request signature/HMAC (handler-level)","X-BOGA-Signature","","X-BOGA-Signature; X-BOGA-Timestamp","userUuid:String","offset:int (required); limit:int (required); type:String (optional/defaulted)","Not declared","","","manual: !hmacSign.equals(bogaSignature)","200","400","","","ResponseEntity<?>","Static source scan; directly called service/helper errors are included when resolvable, but runtime-only errors require integration tests to confirm."
"GET","/api/users/{userUuid}/vouchers/{voucherUuid}","UserVoucherController","availableListByVoucherUuid","id/boga/mybogaapp/features/voucher/b2c/UserVoucherController.java:101","Request signature/HMAC (handler-level)","X-BOGA-Signature","","X-BOGA-Signature; X-BOGA-Timestamp","userUuid:String; voucherUuid:String","offset:int (required); limit:int (required)","/{voucherUuid}","","","manual: !hmacSign.equals(bogaSignature)","200","400","","","ResponseEntity<?>","Static source scan; directly called service/helper errors are included when resolvable, but runtime-only errors require integration tests to confirm."
"GET","/api/users/{userUuid}/vouchers/{voucherUuid}/detail/transaction","UserVoucherController","voucherTransaction","id/boga/mybogaapp/features/voucher/b2c/UserVoucherController.java:340","None declared at handler; method is permitAll in SecurityConfig","","","","userUuid:String; voucherUuid:String","","/{voucherUuid}/detail/transaction","","","","200","400","","","ResponseEntity<?>","Static source scan; directly called service/helper errors are included when resolvable, but runtime-only errors require integration tests to confirm."
"GET","/api/users/{userUuid}/vouchers/detail/{pinUuid}","UserVoucherController","detail","id/boga/mybogaapp/features/voucher/b2c/UserVoucherController.java:135","Request signature/HMAC (handler-level)","X-BOGA-Signature","","X-BOGA-Signature; X-BOGA-Timestamp","userUuid:String; pinUuid:String","","Not declared","","","manual: !hmacSign.equals(bogaSignature)","200","400","","","ResponseEntity<Object>","Static source scan; directly called service/helper errors are included when resolvable, but runtime-only errors require integration tests to confirm."
"GET","/api/users/{userUuid}/vouchers/history","UserVoucherController","historyList","id/boga/mybogaapp/features/voucher/b2c/UserVoucherController.java:307","Request signature/HMAC (handler-level)","X-BOGA-Signature","","X-BOGA-Signature; X-BOGA-Timestamp","userUuid:String","offset:int (required); limit:int (required)","/history","","","manual: !hmacSign.equals(bogaSignature)","200","400","","","ResponseEntity<?>","Static source scan; directly called service/helper errors are included when resolvable, but runtime-only errors require integration tests to confirm."
"POST","/api/users/{userUuid}/vouchers/transfer","UserVoucherController","transfer","id/boga/mybogaapp/features/voucher/b2c/UserVoucherController.java:168","Request signature/HMAC + API/client/secret key (handler-level)","X-BOGA-Key; X-BOGA-Signature","","X-BOGA-Key; X-BOGA-Signature; X-BOGA-Timestamp","userUuid:String","","/transfer","String (raw request body; schema not statically declared)","String (raw request body; schema not statically declared)","manual: !apiKeyProperties.equals(apiKey); manual: !hmacSign.equals(bogaSignature); manual: !giver.isPhoneVerified() && !giver.getUuid().equals(userUuid)","201","400; 403; 404","","","ResponseEntity<?>","Static source scan; directly called service/helper errors are included when resolvable, but runtime-only errors require integration tests to confirm. Raw String body has no declared DTO schema."
"GET","/api/users/{userUuid}/vouchers/transfer/{transferId}","UserVoucherController","transferDetail","id/boga/mybogaapp/features/voucher/b2c/UserVoucherController.java:277","Request signature/HMAC (handler-level)","X-BOGA-Signature","","X-BOGA-Signature; X-BOGA-Timestamp","userUuid:String; transferId:String","","Not declared","","","manual: !hmacSign.equals(bogaSignature)","200","400","","","ResponseEntity<Object>","Static source scan; directly called service/helper errors are included when resolvable, but runtime-only errors require integration tests to confirm."
"POST","/api/users/authentication","AuthenticationController","signup","id/boga/mybogaapp/features/user/AuthenticationController.java:133","Request signature/HMAC (handler-level)","X-BOGA-Signature","","User-Agent; X-BOGA-Signature; X-BOGA-Timestamp","","","application/json","User","id:int; gender:String; phoneVerified:boolean; uuid:String; email:String; password:String; phonePassword:String; phone:String; name:String; firstName:String; lastName:String; image:String; serial:String; birthday:String; socialToken:String; signupMethod:String; editCounter:int; regDt:String; modDt:String; IS_BLOCK:Boolean; BLOCK_NOTE:String; IS_DELETE:Boolean; DELETE_NOTE:String; referralCode:String; cardLs:List<Map<String, Object>>; method:String; deviceIp:String; sendto:String; referenceId:int; referenceCode:String","manual: !hmacSign.equals(bogaSignature); manual: !Globals.isUserAgentValid(userAgent) && properties.isProductionEnvironment()","201","400; 401; 406","","Nomor telepon sudah terdaftar; email cannot be empty; name contains special character","ResponseEntity<Object>","Static source scan; directly called service/helper errors are included when resolvable, but runtime-only errors require integration tests to confirm."
"GET","/api/users/authentication/email/existence/{email}","AuthenticationController","checkEmailExistence","id/boga/mybogaapp/features/user/AuthenticationController.java:524","Request signature/HMAC (handler-level)","X-BOGA-Signature","","User-agent; X-BOGA-Signature; X-BOGA-Timestamp","email:String","","Not declared","","","manual: !Globals.isUserAgentValid(userAgent) && properties.isProductionEnvironment(); manual: !hmacSign.equals(bogaSignature); manual: email == null || email.isEmpty() || email.equals("""") || email.equals(""null"") || email.equals(""Null"") || email.equals(""NULL"")","200; 302","400; 401; 406; 409","","","ResponseEntity<Object>","Static source scan; directly called service/helper errors are included when resolvable, but runtime-only errors require integration tests to confirm."
"POST","/api/users/authentication/manual/insert","AuthenticationController","manualInsert","id/boga/mybogaapp/features/user/AuthenticationController.java:101","None declared at handler; method is permitAll in SecurityConfig","","","User-Agent","","","Not declared","","","manual: !Globals.isUserAgentValid(userAgent) && properties.isProductionEnvironment()","201","400; 401","","","ResponseEntity<Object>","Static source scan; directly called service/helper errors are included when resolvable, but runtime-only errors require integration tests to confirm."
"POST","/api/users/authentication/profile","AuthenticationController","profile","id/boga/mybogaapp/features/user/AuthenticationController.java:632","None declared at handler; method is permitAll in SecurityConfig","","","User-Agent","","","application/json","String (raw request body; schema not statically declared)","String (raw request body; schema not statically declared)","","200","","","","ResponseEntity<Object>","Static source scan; directly called service/helper errors are included when resolvable, but runtime-only errors require integration tests to confirm. Raw String body has no declared DTO schema."
"POST","/api/users/authentication/signin/apple","AuthenticationController","signinApple","id/boga/mybogaapp/features/user/AuthenticationController.java:456","None declared at handler; method is permitAll in SecurityConfig","","","User-Agent","","","application/json","User","id:int; gender:String; phoneVerified:boolean; uuid:String; email:String; password:String; phonePassword:String; phone:String; name:String; firstName:String; lastName:String; image:String; serial:String; birthday:String; socialToken:String; signupMethod:String; editCounter:int; regDt:String; modDt:String; IS_BLOCK:Boolean; BLOCK_NOTE:String; IS_DELETE:Boolean; DELETE_NOTE:String; referralCode:String; cardLs:List<Map<String, Object>>; method:String; deviceIp:String; sendto:String; referenceId:int; referenceCode:String","manual: !Globals.isUserAgentValid(userAgent) && properties.isProductionEnvironment()","202","400; 401; 403","","","ResponseEntity<Object>","Static source scan; directly called service/helper errors are included when resolvable, but runtime-only errors require integration tests to confirm."
"POST","/api/users/authentication/signin/email","AuthenticationController","signinEmail","id/boga/mybogaapp/features/user/AuthenticationController.java:291","Request signature/HMAC (handler-level)","X-BOGA-Signature","","User-Agent; X-BOGA-Signature; X-BOGA-Timestamp","","","application/json","SignInEmailReq","email:String; password:String","manual: !hmacSign.equals(bogaSignature); manual: !Globals.isUserAgentValid(userAgent) && properties.isProductionEnvironment()","202","400; 401; 403","","Please use your Phone Number to login","ResponseEntity<Object>","Static source scan; directly called service/helper errors are included when resolvable, but runtime-only errors require integration tests to confirm."
"POST","/api/users/authentication/signin/google","AuthenticationController","signinGoogle","id/boga/mybogaapp/features/user/AuthenticationController.java:393","Request signature/HMAC (handler-level)","X-BOGA-Signature","","User-Agent; X-BOGA-Signature; X-BOGA-Timestamp","","","application/json","User","id:int; gender:String; phoneVerified:boolean; uuid:String; email:String; password:String; phonePassword:String; phone:String; name:String; firstName:String; lastName:String; image:String; serial:String; birthday:String; socialToken:String; signupMethod:String; editCounter:int; regDt:String; modDt:String; IS_BLOCK:Boolean; BLOCK_NOTE:String; IS_DELETE:Boolean; DELETE_NOTE:String; referralCode:String; cardLs:List<Map<String, Object>>; method:String; deviceIp:String; sendto:String; referenceId:int; referenceCode:String","manual: !Globals.isUserAgentValid(userAgent) && properties.isProductionEnvironment(); manual: !hmacSign.equals(bogaSignature)","202","400; 401; 403","","","ResponseEntity<Object>","Static source scan; directly called service/helper errors are included when resolvable, but runtime-only errors require integration tests to confirm."
"POST","/api/users/authentication/signout","AuthenticationController","signout","id/boga/mybogaapp/features/user/AuthenticationController.java:492","None declared at handler; method is permitAll in SecurityConfig","","","User-Agent","","","application/json","SignoutReq","userUuid:String; key:String","manual: !Globals.isUserAgentValid(userAgent) && properties.isProductionEnvironment()","202","400; 401","","","ResponseEntity<Object>","Static source scan; directly called service/helper errors are included when resolvable, but runtime-only errors require integration tests to confirm."
"POST","/api/users/authentication/signup","AuthenticationController","phoneSignup","id/boga/mybogaapp/features/user/AuthenticationController.java:582","None declared at handler; method is permitAll in SecurityConfig","","","User-Agent","","","application/json","User","id:int; gender:String; phoneVerified:boolean; uuid:String; email:String; password:String; phonePassword:String; phone:String; name:String; firstName:String; lastName:String; image:String; serial:String; birthday:String; socialToken:String; signupMethod:String; editCounter:int; regDt:String; modDt:String; IS_BLOCK:Boolean; BLOCK_NOTE:String; IS_DELETE:Boolean; DELETE_NOTE:String; referralCode:String; cardLs:List<Map<String, Object>>; method:String; deviceIp:String; sendto:String; referenceId:int; referenceCode:String","manual: !Globals.isUserAgentValid(userAgent) && properties.isProductionEnvironment()","201","400; 401; 406","","","ResponseEntity<Object>","Static source scan; directly called service/helper errors are included when resolvable, but runtime-only errors require integration tests to confirm."
"POST","/api/users/authentication/v2","AuthenticationController","signupV2","id/boga/mybogaapp/features/user/AuthenticationController.java:647","Request signature/HMAC (handler-level)","X-BOGA-Signature","","User-Agent; X-BOGA-Signature; X-BOGA-Timestamp","","","application/json","User","id:int; gender:String; phoneVerified:boolean; uuid:String; email:String; password:String; phonePassword:String; phone:String; name:String; firstName:String; lastName:String; image:String; serial:String; birthday:String; socialToken:String; signupMethod:String; editCounter:int; regDt:String; modDt:String; IS_BLOCK:Boolean; BLOCK_NOTE:String; IS_DELETE:Boolean; DELETE_NOTE:String; referralCode:String; cardLs:List<Map<String, Object>>; method:String; deviceIp:String; sendto:String; referenceId:int; referenceCode:String","manual: !hmacSign.equals(bogaSignature); manual: !Globals.isUserAgentValid(userAgent) && properties.isProductionEnvironment()","201","400; 401; 406","","Email sudah terdaftar dengan nomor telepon lain; Nama tidak boleh kosong; Nomor telepon sudah terdaftar; Ulang tahun tidak boleh kosong; User sudah diblock; Usia tidak boleh kurang dari; email cannot be empty; name contains special character","ResponseEntity<Object>","Static source scan; directly called service/helper errors are included when resolvable, but runtime-only errors require integration tests to confirm."
"POST","/api/users/auto-registration/upload-excel","UserController","autoRegistration","id/boga/mybogaapp/features/user/UserController.java:1394","API/client/secret key (handler-level)","Secret-Key","","Secret-Key","","file:MultipartFile (required)","Not declared","","","manual: !secretKey.equals(""AUTO-REGISTRATION-EXCEL"")","200","400","","Registration Failed; Registration Success","ResponseEntity<Object>","Static source scan; directly called service/helper errors are included when resolvable, but runtime-only errors require integration tests to confirm."
"GET","/api/users/check/referral_code","UserController","checkReferralCode","id/boga/mybogaapp/features/user/UserController.java:1181","None declared at handler; method is permitAll in SecurityConfig","","","","","referralCode:String (optional/defaulted)","Not declared","","","","200","400","","","ResponseEntity<Object>","Static source scan; directly called service/helper errors are included when resolvable, but runtime-only errors require integration tests to confirm."
"GET","/api/users/get-user/info","UserController","list","id/boga/mybogaapp/features/user/UserController.java:835","None declared at handler; method is permitAll in SecurityConfig","","","","","phone_number:String (optional/defaulted)","Not declared","","","","202","400; 403; 404","ERROR_USER_NOT_FOUND; ERROR_USER_UNVERIFIED","","ResponseEntity<Object>","Static source scan; directly called service/helper errors are included when resolvable, but runtime-only errors require integration tests to confirm."
"GET","/api/users/info/byserial/{serial}","UserController","getUserInfoBySerial","id/boga/mybogaapp/features/user/UserController.java:1271","Request signature/HMAC (handler-level)","X-BOGA-Signature","","X-BOGA-Signature; X-BOGA-Timestamp","serial:String","","Not declared","","","manual: !hmacSign.equals(bogaSignature)","200","400","","","ResponseEntity<Object>","Static source scan; directly called service/helper errors are included when resolvable, but runtime-only errors require integration tests to confirm."
"POST","/api/users/inject-coupon-by-userid/upload-excel","UserController","injectCouponByExcelByUserId","id/boga/mybogaapp/features/user/UserController.java:1495","API/client/secret key (handler-level)","Secret-Key","","Secret-Key","","file:MultipartFile (required)","Not declared","","","manual: !secretKey.equals(""INJECT-COUPON-EXCEL"")","200","400","","Inject Coupon Failed; Inject Coupon Success","ResponseEntity<Object>","Static source scan; directly called service/helper errors are included when resolvable, but runtime-only errors require integration tests to confirm."
"POST","/api/users/inject-coupon/flash-sale","UserController","injectFlashSaleCoupon","id/boga/mybogaapp/features/user/UserController.java:1593","API/client/secret key (handler-level)","Secret-Key","","Secret-Key","","","application/json","String (raw request body; schema not statically declared)","String (raw request body; schema not statically declared)","manual: !secretKey.equals(""INJECT-FLASH-SALE-COUPON""); manual: reqMap.get(""couponIds"") == null; manual: reqMap.get(""startDate"") == null; manual: reqMap.get(""endDate"") == null","200","400","","Inject Coupon Failed; Inject Coupon Success; No target found to inject the flash sale coupon","ResponseEntity<Object>","Static source scan; directly called service/helper errors are included when resolvable, but runtime-only errors require integration tests to confirm. Raw String body has no declared DTO schema."
"POST","/api/users/inject-coupon/upload-excel","UserController","injectCouponByExcel","id/boga/mybogaapp/features/user/UserController.java:1445","API/client/secret key (handler-level)","Secret-Key","","Secret-Key","","file:MultipartFile (required)","Not declared","","","manual: !secretKey.equals(""INJECT-COUPON-EXCEL"")","200","400","","Inject Coupon Failed; Inject Coupon Success","ResponseEntity<Object>","Static source scan; directly called service/helper errors are included when resolvable, but runtime-only errors require integration tests to confirm."
"GET","/api/users/inject-point-owner","UserController","injectUserPointOwner","id/boga/mybogaapp/features/user/UserController.java:1544","None declared at handler; method is permitAll in SecurityConfig","","","","","","/inject-point-owner","","","","200","","","","void","Static source scan; directly called service/helper errors are included when resolvable, but runtime-only errors require integration tests to confirm."
"GET","/api/users/inject-tier/{limit}","UserController","injectUserTier","id/boga/mybogaapp/features/user/UserController.java:1569","None declared at handler; method is permitAll in SecurityConfig","","","","limit:int","","/inject-tier/{limit}","","","","200","","","","void","Static source scan; directly called service/helper errors are included when resolvable, but runtime-only errors require integration tests to confirm."
"POST","/api/users/manual_generate/referral_code","UserController","generateUserRefferalCode","id/boga/mybogaapp/features/user/UserController.java:1241","None declared at handler; method is permitAll in SecurityConfig","","","","","","manual_generate/referral_code","String (raw request body; schema not statically declared)","String (raw request body; schema not statically declared)","","200","400","","Success generate all exsting user referral code","ResponseEntity<?>","Static source scan; directly called service/helper errors are included when resolvable, but runtime-only errors require integration tests to confirm. Raw String body has no declared DTO schema."
"POST","/api/users/password","UserController","resetPassword","id/boga/mybogaapp/features/user/UserController.java:293","Request signature/HMAC (handler-level)","X-BOGA-Signature","","User-Agent; X-BOGA-Signature; X-BOGA-Timestamp","","","application/json","ResetPasswordReq","email:String; password:String","manual: !Globals.isUserAgentValid(userAgent) && properties.isProductionEnvironment(); manual: !hmacSign.equals(bogaSignature)","202","400; 401","","Cannot reset password. Please use your Phone Number to login","ResponseEntity<Object>","Static source scan; directly called service/helper errors are included when resolvable, but runtime-only errors require integration tests to confirm."
"POST","/api/users/update/referral_code","UserController","updateReferralCode","id/boga/mybogaapp/features/user/UserController.java:1211","None declared at handler; method is permitAll in SecurityConfig","","","","","","application/json","String (raw request body; schema not statically declared)","String (raw request body; schema not statically declared)","manual: userSvc.getUserByReferralCode(reqMap.get(""referralCode"").toString()).size() > 0","200","400","","","ResponseEntity<Object>","Static source scan; directly called service/helper errors are included when resolvable, but runtime-only errors require integration tests to confirm. Raw String body has no declared DTO schema."
"POST","/api/users/verification/delete-account/verify","VerificationController","verifyPhoneNumberForDeleteAccount","id/boga/mybogaapp/features/verification/VerificationController.java:2012","Request signature/HMAC (handler-level)","X-BOGA-Signature","","User-Agent; X-BOGA-Signature; X-BOGA-Timestamp","","","application/json","String (raw request body; schema not statically declared)","String (raw request body; schema not statically declared)","manual: !Globals.isUserAgentValid(userAgent) && properties.isProductionEnvironment(); manual: !hmacSign.equals(bogaSignature)","201","400; 401; 403; 404; 500","ERROR_EXPIRED_OTP_CODE; ERROR_INVALID_VALUE; ERROR_SYSTEM; ERROR_USER_NOT_FOUND","SUCCESS_DELETE","ResponseEntity<Object>","Static source scan; directly called service/helper errors are included when resolvable, but runtime-only errors require integration tests to confirm. Raw String body has no declared DTO schema."
"POST","/api/users/verification/email","VerificationController","verifyEmail","id/boga/mybogaapp/features/verification/VerificationController.java:245","Request signature/HMAC (handler-level)","X-BOGA-Signature","","User-Agent; X-BOGA-Signature; X-BOGA-Timestamp","","","application/json","String (raw request body; schema not statically declared)","String (raw request body; schema not statically declared)","manual: !Globals.isUserAgentValid(userAgent) && properties.isProductionEnvironment(); manual: !hmacSign.equals(bogaSignature)","202","400; 401; 403","","","ResponseEntity<Object>","Static source scan; directly called service/helper errors are included when resolvable, but runtime-only errors require integration tests to confirm. Raw String body has no declared DTO schema."
"POST","/api/users/verification/email/code","VerificationController","sendEmailVerificationCode","id/boga/mybogaapp/features/verification/VerificationController.java:135","Request signature/HMAC (handler-level)","X-BOGA-Signature","","User-Agent; X-BOGA-Signature; X-BOGA-Timestamp","","","application/json","String (raw request body; schema not statically declared)","String (raw request body; schema not statically declared)","manual: !Globals.isUserAgentValid(userAgent) && properties.isProductionEnvironment(); manual: !hmacSign.equals(bogaSignature)","201","400; 401; 406","","ERROR_LIMIT_RATE; Please use your Phone Number to login; User blocked","ResponseEntity<Object>","Static source scan; directly called service/helper errors are included when resolvable, but runtime-only errors require integration tests to confirm. Raw String body has no declared DTO schema."
"GET","/api/users/verification/otp/options","VerificationController","getOtpOptions","id/boga/mybogaapp/features/verification/VerificationController.java:1285","None declared at handler; method is permitAll in SecurityConfig","","","","","","Not declared","","","","200","400","","","ResponseEntity<Object>","Static source scan; directly called service/helper errors are included when resolvable, but runtime-only errors require integration tests to confirm."
"POST","/api/users/verification/phone-issue/verify","VerificationController","verifyPhoneNumberForIssue","id/boga/mybogaapp/features/verification/VerificationController.java:1852","Request signature/HMAC (handler-level)","X-BOGA-Signature","","User-Agent; X-BOGA-Signature; X-BOGA-Timestamp","","","application/json","String (raw request body; schema not statically declared)","String (raw request body; schema not statically declared)","manual: !Globals.isUserAgentValid(userAgent) && properties.isProductionEnvironment(); manual: !hmacSign.equals(bogaSignature)","201","400; 401; 403","","","ResponseEntity<Object>","Static source scan; directly called service/helper errors are included when resolvable, but runtime-only errors require integration tests to confirm. Raw String body has no declared DTO schema."
"POST","/api/users/verification/phone-password","VerificationController","verifyPhonePassword","id/boga/mybogaapp/features/verification/VerificationController.java:1766","Request signature/HMAC (handler-level)","X-BOGA-Signature","","User-Agent; X-BOGA-Signature; X-BOGA-Timestamp","","","application/json","String (raw request body; schema not statically declared)","String (raw request body; schema not statically declared)","manual: !hmacSign.equals(bogaSignature); manual: !Globals.isUserAgentValid(userAgent) && properties.isProductionEnvironment()","202","400; 401","","","ResponseEntity<Object>","Static source scan; directly called service/helper errors are included when resolvable, but runtime-only errors require integration tests to confirm. Raw String body has no declared DTO schema."
"POST","/api/users/verification/phone-password/existence","VerificationController","checkPhonePasswordExistence","id/boga/mybogaapp/features/verification/VerificationController.java:1705","Request signature/HMAC (handler-level)","X-BOGA-Signature","","User-agent; X-BOGA-Signature; X-BOGA-Timestamp","","","application/json","String (raw request body; schema not statically declared)","String (raw request body; schema not statically declared)","manual: !Globals.isUserAgentValid(userAgent) && properties.isProductionEnvironment(); manual: !hmacSign.equals(bogaSignature)","200; 302","400; 401","","","ResponseEntity<Object>","Static source scan; directly called service/helper errors are included when resolvable, but runtime-only errors require integration tests to confirm. Raw String body has no declared DTO schema."
"GET","/api/users/verification/phone/check","VerificationController","didUserVerifyPhoneNumber","id/boga/mybogaapp/features/verification/VerificationController.java:105","None declared at handler; method is permitAll in SecurityConfig","","","User-Agent","","uuid:String (required)","Not declared","","","manual: !Globals.isUserAgentValid(userAgent) && properties.isProductionEnvironment()","200","400; 401","","","ResponseEntity<Object>","Static source scan; directly called service/helper errors are included when resolvable, but runtime-only errors require integration tests to confirm."
"POST","/api/users/verification/phone/code","VerificationController","sendPhoneNumberVerificationCode","id/boga/mybogaapp/features/verification/VerificationController.java:325","None declared at handler; method is permitAll in SecurityConfig","","","User-Agent","","","application/json","String (raw request body; schema not statically declared)","String (raw request body; schema not statically declared)","manual: !Globals.isUserAgentValid(userAgent) && properties.isProductionEnvironment()","201","400; 401","","","ResponseEntity<Object>","Static source scan; directly called service/helper errors are included when resolvable, but runtime-only errors require integration tests to confirm. Raw String body has no declared DTO schema."
"POST","/api/users/verification/phone/code/whatsapp","VerificationController","sendPhoneNumberVerificationCodeByWhatsapp","id/boga/mybogaapp/features/verification/VerificationController.java:1099","None declared at handler; method is permitAll in SecurityConfig","","","User-Agent","","","application/json","String (raw request body; schema not statically declared)","String (raw request body; schema not statically declared)","manual: !Globals.isUserAgentValid(userAgent) && properties.isProductionEnvironment()","201","400; 401","","","ResponseEntity<Object>","Static source scan; directly called service/helper errors are included when resolvable, but runtime-only errors require integration tests to confirm. Raw String body has no declared DTO schema."
"POST","/api/users/verification/phone/create-pass","VerificationController","createPhonePassword","id/boga/mybogaapp/features/verification/VerificationController.java:1644","Request signature/HMAC (handler-level)","X-BOGA-Signature","","User-Agent; X-BOGA-Signature; X-BOGA-Timestamp","","","application/json","String (raw request body; schema not statically declared)","String (raw request body; schema not statically declared)","manual: !Globals.isUserAgentValid(userAgent) && properties.isProductionEnvironment(); manual: !hmacSign.equals(bogaSignature)","201","400; 401","","","ResponseEntity<Object>","Static source scan; directly called service/helper errors are included when resolvable, but runtime-only errors require integration tests to confirm. Raw String body has no declared DTO schema."
"POST","/api/users/verification/phone/existence","VerificationController","checkPhoneExistence","id/boga/mybogaapp/features/verification/VerificationController.java:1959","Request signature/HMAC (handler-level)","X-BOGA-Signature","","User-agent; X-BOGA-Signature; X-BOGA-Timestamp","","","application/json","String (raw request body; schema not statically declared)","String (raw request body; schema not statically declared)","manual: !Globals.isUserAgentValid(userAgent) && properties.isProductionEnvironment(); manual: !hmacSign.equals(bogaSignature)","200","400; 401; 404","","","ResponseEntity<Object>","Static source scan; directly called service/helper errors are included when resolvable, but runtime-only errors require integration tests to confirm. Raw String body has no declared DTO schema."
"POST","/api/users/verification/phone/get-code","VerificationController","getPhoneNumberVerificationCode","id/boga/mybogaapp/features/verification/VerificationController.java:1545","Request signature/HMAC (handler-level)","X-BOGA-Signature","","User-Agent; X-BOGA-Signature; X-BOGA-Timestamp","","","application/json","String (raw request body; schema not statically declared)","String (raw request body; schema not statically declared)","manual: !Globals.isUserAgentValid(userAgent) && properties.isProductionEnvironment(); manual: !hmacSign.equals(bogaSignature)","201","400; 401; 403; 404; 409; 429; 500","ERROR_DUPLICATE_DATA; ERROR_PHONE_PREFIX; ERROR_RATE_LIMIT; ERROR_SEND_OTP_CODE; ERROR_USER_BLOCKED; ERROR_USER_NOT_FOUND","","ResponseEntity<Object>","Static source scan; directly called service/helper errors are included when resolvable, but runtime-only errors require integration tests to confirm. Raw String body has no declared DTO schema."
"POST","/api/users/verification/phone/login/code","VerificationController","sendCodeForLogin","id/boga/mybogaapp/features/verification/VerificationController.java:959","Request signature/HMAC (handler-level)","X-BOGA-Signature","","User-Agent; X-BOGA-Signature; X-BOGA-Timestamp","","","application/json","String (raw request body; schema not statically declared)","String (raw request body; schema not statically declared)","manual: !Globals.isUserAgentValid(userAgent) && properties.isProductionEnvironment(); manual: !hmacSign.equals(bogaSignature)","201","400; 401; 403; 404; 409; 500","ERROR_DUPLICATE_DATA; ERROR_SEND_OTP_CODE; ERROR_USER_BLOCKED; ERROR_USER_NOT_FOUND","","ResponseEntity<Object>","Static source scan; directly called service/helper errors are included when resolvable, but runtime-only errors require integration tests to confirm. Raw String body has no declared DTO schema."
"POST","/api/users/verification/phone/login/code/whatsapp","VerificationController","sendCodeForLoginByWhatsapp","id/boga/mybogaapp/features/verification/VerificationController.java:1170","Request signature/HMAC (handler-level)","X-BOGA-Signature","","User-Agent; X-BOGA-Signature; X-BOGA-Timestamp","","","application/json","String (raw request body; schema not statically declared)","String (raw request body; schema not statically declared)","manual: !Globals.isUserAgentValid(userAgent) && properties.isProductionEnvironment(); manual: !hmacSign.equals(bogaSignature)","201","400; 401; 403","","","ResponseEntity<Object>","Static source scan; directly called service/helper errors are included when resolvable, but runtime-only errors require integration tests to confirm. Raw String body has no declared DTO schema."
"POST","/api/users/verification/phone/page","VerificationController","getPageByPhone","id/boga/mybogaapp/features/verification/VerificationController.java:1449","Request signature/HMAC (handler-level)","X-BOGA-Signature","","User-agent; X-BOGA-Signature; X-BOGA-Timestamp","","","application/json","String (raw request body; schema not statically declared)","String (raw request body; schema not statically declared)","manual: !Globals.isUserAgentValid(userAgent) && properties.isProductionEnvironment(); manual: !hmacSign.equals(bogaSignature)","200","400; 401; 404","ERROR_PHONE_PREFIX; ERROR_USER_NOT_FOUND","","ResponseEntity<Object>","Static source scan; directly called service/helper errors are included when resolvable, but runtime-only errors require integration tests to confirm. Raw String body has no declared DTO schema."
"POST","/api/users/verification/phone/v2","VerificationController","verifyPhoneNumberV2","id/boga/mybogaapp/features/verification/VerificationController.java:1314","Request signature/HMAC (handler-level)","X-BOGA-Signature","","User-Agent; X-BOGA-Signature; X-BOGA-Timestamp","","","application/json","String (raw request body; schema not statically declared)","String (raw request body; schema not statically declared)","manual: !Globals.isUserAgentValid(userAgent) && properties.isProductionEnvironment(); manual: !hmacSign.equals(bogaSignature)","201","400; 401; 403","","","ResponseEntity<Object>","Static source scan; directly called service/helper errors are included when resolvable, but runtime-only errors require integration tests to confirm. Raw String body has no declared DTO schema."
"POST","/api/users/verification/user-edit/code","VerificationController","verifyUserEditNumberReqCode","id/boga/mybogaapp/features/verification/VerificationController.java:666","Request signature/HMAC (handler-level)","X-BOGA-Signature","","User-Agent; X-BOGA-Signature; X-BOGA-Timestamp","","","application/json","String (raw request body; schema not statically declared)","String (raw request body; schema not statically declared)","manual: !Globals.isUserAgentValid(userAgent) && properties.isProductionEnvironment(); manual: !hmacSign.equals(bogaSignature)","201; 202","400; 401; 403; 404; 409; 500","ERROR_DUPLICATE_DATA; ERROR_SEND_OTP_CODE; ERROR_USER_BLOCKED; ERROR_USER_NOT_FOUND","ERROR_LIMIT_RATE","ResponseEntity<Object>","Static source scan; directly called service/helper errors are included when resolvable, but runtime-only errors require integration tests to confirm. Raw String body has no declared DTO schema."
"POST","/api/users/verification/user-edit/verify","VerificationController","verifyUserEditNumberOTP","id/boga/mybogaapp/features/verification/VerificationController.java:493","Request signature/HMAC (handler-level)","X-BOGA-Signature","","User-Agent; X-BOGA-Signature; X-BOGA-Timestamp","","","application/json","String (raw request body; schema not statically declared)","String (raw request body; schema not statically declared)","manual: !Globals.isUserAgentValid(userAgent) && properties.isProductionEnvironment(); manual: !hmacSign.equals(bogaSignature)","202","400; 401; 403","","","ResponseEntity<Object>","Static source scan; directly called service/helper errors are included when resolvable, but runtime-only errors require integration tests to confirm. Raw String body has no declared DTO schema."
"POST","/api/users/verification/user-profile/verify","VerificationController","verifyUserEditNumber","id/boga/mybogaapp/features/verification/VerificationController.java:793","Request signature/HMAC (handler-level)","X-BOGA-Signature","","User-Agent; X-BOGA-Signature; X-BOGA-Timestamp","","","application/json","String (raw request body; schema not statically declared)","String (raw request body; schema not statically declared)","manual: !Globals.isUserAgentValid(userAgent) && properties.isProductionEnvironment(); manual: !hmacSign.equals(bogaSignature)","202","400; 401; 403","","","ResponseEntity<Object>","Static source scan; directly called service/helper errors are included when resolvable, but runtime-only errors require integration tests to confirm. Raw String body has no declared DTO schema."
"POST","/api/users/verification/whatsapp","VerificationController","sendWhatsappCode","id/boga/mybogaapp/features/verification/VerificationController.java:1057","None declared at handler; method is permitAll in SecurityConfig","","","","","","application/json","String (raw request body; schema not statically declared)","String (raw request body; schema not statically declared)","","200","400; 401; 403","","","ResponseEntity<Object>","Static source scan; directly called service/helper errors are included when resolvable, but runtime-only errors require integration tests to confirm. Raw String body has no declared DTO schema."
"POST","/api/users/wa/blast","UserController","getInsertUser","id/boga/mybogaapp/features/user/UserController.java:1137","None declared at handler; method is permitAll in SecurityConfig","","","","","","application/json","UserWaBlast","phone:String; name:String; userId:int; recipientPhone:String; recipientName:String; addressLabel:String; address:String; lastTrxDate:String; lastTrx:String; blastStatus:String; regDt:String","","200; 201","400; 404","","Failed to insert; Phone Number has already been registered to unsubscribe; User not found; You have successfully been unsubscribed","ResponseEntity<Object>","Static source scan; directly called service/helper errors are included when resolvable, but runtime-only errors require integration tests to confirm."
"POST","/api/v1/adjust-point","MembershipIntegrationController","adjustPoint","id/boga/mybogaapp/features/membership_integration/MembershipIntegrationController.java:1532","API/client/secret key (handler-level)","X-BOGA-Key","","X-BOGA-Key","","","application/json","String (raw request body; schema not statically declared)","String (raw request body; schema not statically declared)","manual: !apiKeyProperties.equals(apiKey)","200","400","","","ResponseEntity<Object>","Static source scan; directly called service/helper errors are included when resolvable, but runtime-only errors require integration tests to confirm. Raw String body has no declared DTO schema."
"POST","/api/v1/calculate-point","MembershipIntegrationController","calculatePoint","id/boga/mybogaapp/features/membership_integration/MembershipIntegrationController.java:1577","Request signature/HMAC + API/client/secret key (handler-level)","X-BOGA-Key; X-BOGA-Signature","","X-BOGA-Key; X-BOGA-Signature; X-BOGA-Timestamp","","","application/json","String (raw request body; schema not statically declared)","String (raw request body; schema not statically declared)","manual: !apiKeyProperties.equals(apiKey); manual: !hmacSign.equals(bogaSignature)","200","400; 404","","Bad Request","ResponseEntity<Object>","Static source scan; directly called service/helper errors are included when resolvable, but runtime-only errors require integration tests to confirm. Raw String body has no declared DTO schema."
"GET","/api/v1/clear-gcc-temp","MembershipIntegrationController","deleteAllGccTemp","id/boga/mybogaapp/features/membership_integration/MembershipIntegrationController.java:1427","None declared at handler; method is permitAll in SecurityConfig","","","","","","/clear-gcc-temp","","","","200","","","","void","Static source scan; directly called service/helper errors are included when resolvable, but runtime-only errors require integration tests to confirm."
"GET","/api/v1/clear-inject-transaction","MembershipIntegrationController","trxBillNumTemp","id/boga/mybogaapp/features/membership_integration/MembershipIntegrationController.java:1119","None declared at handler; method is permitAll in SecurityConfig","","","","","","/clear-inject-transaction","","","","200","","","","void","Static source scan; directly called service/helper errors are included when resolvable, but runtime-only errors require integration tests to confirm."
"GET","/api/v1/clear-transaction-temp","MembershipIntegrationController","clearTransactionTemp","id/boga/mybogaapp/features/membership_integration/MembershipIntegrationController.java:1092","None declared at handler; method is permitAll in SecurityConfig","","","","","","/clear-transaction-temp","","","","200","","","","void","Static source scan; directly called service/helper errors are included when resolvable, but runtime-only errors require integration tests to confirm."
"POST","/api/v1/gcc/add-point","MembershipIntegrationController","gccAddPoint","id/boga/mybogaapp/features/membership_integration/MembershipIntegrationController.java:1178","API/client/secret key (handler-level)","X-BOGAEXT-Key","","X-BOGAEXT-Key","","","application/json","String (raw request body; schema not statically declared)","String (raw request body; schema not statically declared)","manual: !apiKeyProperties.equals(apiKey)","200","400","","","ResponseEntity<Object>","Static source scan; directly called service/helper errors are included when resolvable, but runtime-only errors require integration tests to confirm. Raw String body has no declared DTO schema."
"POST","/api/v1/gcc/validate-salesnum","MembershipIntegrationController","gccValidateSalesNum","id/boga/mybogaapp/features/membership_integration/MembershipIntegrationController.java:1438","API/client/secret key (handler-level)","X-BOGAEXT-Key","","X-BOGAEXT-Key","","","application/json","String (raw request body; schema not statically declared)","String (raw request body; schema not statically declared)","manual: !apiKeyProperties.equals(apiKey)","200","400","","","ResponseEntity<Object>","Static source scan; directly called service/helper errors are included when resolvable, but runtime-only errors require integration tests to confirm. Raw String body has no declared DTO schema."
"GET","/api/v1/member","MembershipIntegrationController","getMemberByPhone","id/boga/mybogaapp/features/membership_integration/MembershipIntegrationController.java:186","API/client/secret key (handler-level)","Mid-client-key","","Mid-client-key","","phoneNumber:String (optional/defaulted); memberCode:String (optional/defaulted)","Not declared","","","manual: !apiKeyProperties.equals(apiKey)","200","400; 401","","","ResponseEntity<Object>","Static source scan; directly called service/helper errors are included when resolvable, but runtime-only errors require integration tests to confirm."
"POST","/api/v1/member/verify","MembershipIntegrationController","memberVerif","id/boga/mybogaapp/features/membership_integration/MembershipIntegrationController.java:1661","API/client/secret key (handler-level)","X-BOGA-Key","","X-BOGA-Key","","","application/json","String (raw request body; schema not statically declared)","String (raw request body; schema not statically declared)","manual: !apiKeyProperties.equals(apiKey)","200","400","","User not found","ResponseEntity<Object>","Static source scan; directly called service/helper errors are included when resolvable, but runtime-only errors require integration tests to confirm. Raw String body has no declared DTO schema."
"GET","/api/v1/member/voucher","MembershipIntegrationController","getListVoucherbyMemberOutlet","id/boga/mybogaapp/features/membership_integration/MembershipIntegrationController.java:245","API/client/secret key (handler-level)","Mid-client-key","","Mid-client-key","","memberCode:String (required); outletCode:String (required); voucherType:String (optional/defaulted)","Not declared","","","manual: !apiKeyProperties.equals(apiKey)","200","400; 401","","","ResponseEntity<Object>","Static source scan; directly called service/helper errors are included when resolvable, but runtime-only errors require integration tests to confirm."
"POST","/api/v1/pointBurnManual","MembershipIntegrationController","pointBurn","id/boga/mybogaapp/features/membership_integration/MembershipIntegrationController.java:1076","None declared at handler; method is permitAll in SecurityConfig","","","","","","Not declared","","","","200","","","","void","Static source scan; directly called service/helper errors are included when resolvable, but runtime-only errors require integration tests to confirm."
"POST","/api/v1/transaction","MembershipIntegrationController","postTransaction","id/boga/mybogaapp/features/membership_integration/MembershipIntegrationController.java:570","API/client/secret key (handler-level)","Mid-client-key","","Mid-client-key","","","application/json","MembershipTransaction","esbOrderID:String; fullname:String; email:String; phoneNumber:String; memberCode:String; outletCode:String; tableNo:String; totalGuest:String; openTableDate:String; closeTableDate:String; transDate:String; transNo:String; salesNo:String; splitNo:String; discountAmount:BigDecimal; subtotal:BigDecimal; taxService:BigDecimal; grandTotal:BigDecimal; otherTaxTotal:BigDecimal; vatTotal:BigDecimal; remarks:String; channel:String; notes:String; sourceTransaction:String; transIdWebapps:String; transDetail:List<MembershipTransDetail>{menuCategoryId:String; menuCategoryDetailId:String; itemCode:String; itemName:String; listPrice:BigDecimal; paidPrice:BigDecimal; price:BigDecimal; qty:Integer}; payments:List<MembershipPayment>{paymentMain:String; paymentMedia:String; voucherCode:String; amount:BigInteger}; promoClaimed:List<MembershipPromoClaimed>{promotionCode:String; promotionName:String; discount:BigDecimal}; voucherClaimed:List<MembershipVoucherClaimed>{voucherCode:String; voucherName:String; discount:BigInteger}","manual: !apiKeyProperties.equals(apiKey); manual: transaction.getEsbOrderID() != null; manual: transaction.getMemberCode() == null || transaction.getMemberCode().isEmpty(); manual: transaction.getEsbOrderID() != null && !transaction.getEsbOrderID().contains(""FS-"") && transaction.getChannel().toUpperCase().contains(""DELIVERY""); manual: transaction.getChannel().toUpperCase().contains(""CORPORATE""); manual: transaction.getTransDetail() != null && transaction.getTransDetail().size() > 0; manual: transaction.getPromoClaimed() != null && transaction.getPromoClaimed().size() > 0; manual: transaction.getVoucherClaimed() != null && transaction.getVoucherClaimed().size() > 0","200","400; 401; 403; 404","","Bad Request; Received. Please check the final transaction status by using below Reference Number","ResponseEntity<Object>","Static source scan; directly called service/helper errors are included when resolvable, but runtime-only errors require integration tests to confirm."
"GET","/api/v1/transaction/delivery/update-paymentdate/{cutOffDt}","MembershipIntegrationController","trxDeliveryUpdatePaymentDate","id/boga/mybogaapp/features/membership_integration/MembershipIntegrationController.java:1153","None declared at handler; method is permitAll in SecurityConfig","","","","cutOffDt:String","","/transaction/delivery/update-paymentdate/{cutOffDt}","","","","200","","","","void","Static source scan; directly called service/helper errors are included when resolvable, but runtime-only errors require integration tests to confirm."
"GET","/api/v1/transaction/delivery/update-salesnum","MembershipIntegrationController","trxDeliveryUpdateSalesNum","id/boga/mybogaapp/features/membership_integration/MembershipIntegrationController.java:1137","None declared at handler; method is permitAll in SecurityConfig","","","","","","/transaction/delivery/update-salesnum","","","","200","","","","void","Static source scan; directly called service/helper errors are included when resolvable, but runtime-only errors require integration tests to confirm."
"GET","/api/v1/update/gcc-temp/add-point","MembershipIntegrationController","updateGccTempAddPoint","id/boga/mybogaapp/features/membership_integration/MembershipIntegrationController.java:1318","None declared at handler; method is permitAll in SecurityConfig","","","","","","/update/gcc-temp/add-point","","","","200","","","","void","Static source scan; directly called service/helper errors are included when resolvable, but runtime-only errors require integration tests to confirm."
"POST","/api/v1/validation/employee_discount","MembershipIntegrationController","discountEmployeeValidation","id/boga/mybogaapp/features/membership_integration/MembershipIntegrationController.java:1728","Authorization header (scheme enforced by handler/integration contract) (handler-level)","Authorization","","Authorization","","","application/json","String (raw request body; schema not statically declared)","String (raw request body; schema not statically declared)","manual: jsonReq.get(""employeeCode"").toString() == null) throw new Exception(""Bad Request""); String reqEmployeeCode = jsonReq.get(""employeeCode"").toString(); if (reqEmployeeCode.contains(""%02070"")","200","400; 401; 500","","Data employeee not Found; Data employeee was Found; Internal Server Error","ResponseEntity<Object>","Static source scan; directly called service/helper errors are included when resolvable, but runtime-only errors require integration tests to confirm. Raw String body has no declared DTO schema."
"GET","/api/v1/voucher","MembershipIntegrationController","getDetailVoucher","id/boga/mybogaapp/features/membership_integration/MembershipIntegrationController.java:425","API/client/secret key (handler-level)","Mid-client-key","","Mid-client-key","","memberCode:String (required); outletCode:String (required); voucherCode:String (required)","Not declared","","","manual: !apiKeyProperties.equals(apiKey); manual: freeItemMultiple != null && freeItemMultiple.get(""COUPON_ID"") != null) voucherCode = freeItemMultiple.get(""COUPON_ID"").toString(); DetailItem = membershipService.getDetailItemByMemberCode(memberCode, outletCode, voucherCode); DetailVoucher = membershipService.getDetailVoucherByMemberCode(memberCode,","200; 204","400; 401","","success","ResponseEntity<Object>","Static source scan; directly called service/helper errors are included when resolvable, but runtime-only errors require integration tests to confirm."
"POST","/api/v1/voucher/burn","MembershipIntegrationController","postVoucher","id/boga/mybogaapp/features/membership_integration/MembershipIntegrationController.java:512","API/client/secret key (handler-level)","Mid-client-key","","Mid-client-key","","","application/json","MembershipVoucher","memberCode:String; outletCode:String; voucherCode:String; minimumSpending:Integer; subtotal:Integer","manual: !apiKeyProperties.equals(apiKey)","201","400; 401","","","ResponseEntity<Object>","Static source scan; directly called service/helper errors are included when resolvable, but runtime-only errors require integration tests to confirm."
"GET","/api/vouchers","VoucherController","allAvailableList","id/boga/mybogaapp/features/voucher/b2c/VoucherController.java:28","None declared at handler; method is permitAll in SecurityConfig","","","","","","Not declared","","","","200","400","","","ResponseEntity<?>","Static source scan; directly called service/helper errors are included when resolvable, but runtime-only errors require integration tests to confirm."
"GET","/api/vouchers/{voucherUuid}","VoucherController","detail","id/boga/mybogaapp/features/voucher/b2c/VoucherController.java:47","None declared at handler; method is permitAll in SecurityConfig","","","","voucherUuid:String","","/{voucherUuid}","","","","200","400","","","ResponseEntity<?>","Static source scan; directly called service/helper errors are included when resolvable, but runtime-only errors require integration tests to confirm."
"GET","/api/vouchers/b2b/pin/{code}","VoucherB2BPinController","detail","id/boga/mybogaapp/features/voucher/b2b/VoucherB2BPinController.java:70","API/client/secret key (handler-level)","ClientKey","ClientKey","","code:String","","/{code}","","","manual: !transScrtyCore.validateClientKey(clientKey)","200","400","","","ResponseEntity<?>","Static source scan; directly called service/helper errors are included when resolvable, but runtime-only errors require integration tests to confirm."
"POST","/api/vouchers/b2b/pin/{code}/profile","VoucherB2BPinController","submitProfile","id/boga/mybogaapp/features/voucher/b2b/VoucherB2BPinController.java:98","API/client/secret key (handler-level)","ClientKey","ClientKey","","code:String","","/{code}/profile","String (raw request body; schema not statically declared)","String (raw request body; schema not statically declared)","manual: !transScrtyCore.validateClientKey(clientKey)","200","400","","","ResponseEntity<?>","Static source scan; directly called service/helper errors are included when resolvable, but runtime-only errors require integration tests to confirm. Raw String body has no declared DTO schema."
"GET","/api/vouchers/b2b/pin/{code}/profile_required","VoucherB2BPinController","checkRedeemerProfileRequired","id/boga/mybogaapp/features/voucher/b2b/VoucherB2BPinController.java:38","API/client/secret key (handler-level)","ClientKey","ClientKey","","code:String","","/{code}/profile_required","","","manual: !transScrtyCore.validateClientKey(clientKey)","200","400","","","ResponseEntity<?>","Static source scan; directly called service/helper errors are included when resolvable, but runtime-only errors require integration tests to confirm."
"POST","/api/vouchers/b2b/pin/redeem","VoucherB2BPinController","redeem","id/boga/mybogaapp/features/voucher/b2b/VoucherB2BPinController.java:135","API/client/secret key (handler-level)","ClientKey","ClientKey","","","","/redeem","String (raw request body; schema not statically declared)","String (raw request body; schema not statically declared)","manual: !transScrtyCore.validateClientKey(clientKey)","200","400","","Outlet Unavailable; Voucher Unavailable","ResponseEntity<?>","Static source scan; directly called service/helper errors are included when resolvable, but runtime-only errors require integration tests to confirm. Raw String body has no declared DTO schema."
"GET","/api/vouchers/b2b/sellers/{sellerId}/{voucherUuid}","VoucherB2BSellerController","pinList","id/boga/mybogaapp/features/voucher/b2b/VoucherB2BSellerController.java:27","None declared at handler; method is permitAll in SecurityConfig","","","","sellerId:int; voucherUuid:String","","/{voucherUuid}","","","","200","400; 401","","","ResponseEntity<?>","Static source scan; directly called service/helper errors are included when resolvable, but runtime-only errors require integration tests to confirm."
"POST","/api/vouchers/purchase","VoucherPurchaseController","purchaseVoucher","id/boga/mybogaapp/features/voucher/b2c/VoucherPurchaseController.java:118","Request signature/HMAC + API/client/secret key (handler-level)","X-BOGA-Key; X-BOGA-Signature","","X-BOGA-Key; X-BOGA-Signature; X-BOGA-Timestamp","","","application/json","String (raw request body; schema not statically declared)","String (raw request body; schema not statically declared)","manual: !apiKeyProperties.equals(apiKey); manual: !hmacSign.equals(bogaSignature)","201","400; 403; 404","ERROR_TOTAL_AMOUNT_MISMATCH; ERROR_USER_NOT_FOUND; ERROR_USER_UNVERIFIED; ERROR_VOUCHER_INVALID","","ResponseEntity<?>","Static source scan; directly called service/helper errors are included when resolvable, but runtime-only errors require integration tests to confirm. Raw String body has no declared DTO schema."
"GET","/api/vouchers/purchase/{voucherUuid}/config/{userUuid}","VoucherPurchaseController","getVoucherPurchaseConfig","id/boga/mybogaapp/features/voucher/b2c/VoucherPurchaseController.java:84","None declared at handler; method is permitAll in SecurityConfig","","","","voucherUuid:String; userUuid:String","","/{voucherUuid}/config/{userUuid}","","","","200","400; 404","ERROR_USER_NOT_FOUND; ERROR_VOUCHER_INVALID","","ResponseEntity<?>","Static source scan; directly called service/helper errors are included when resolvable, but runtime-only errors require integration tests to confirm."
"GET","/api/vouchers/purchase/config/{userUuid}","VoucherPurchaseController","getVoucherPurchaseConfig","id/boga/mybogaapp/features/voucher/b2c/VoucherPurchaseController.java:59","None declared at handler; method is permitAll in SecurityConfig","","","","userUuid:String","","/config/{userUuid}","","","","200","400; 404","ERROR_USER_NOT_FOUND","","ResponseEntity<?>","Static source scan; directly called service/helper errors are included when resolvable, but runtime-only errors require integration tests to confirm."
"GET","/api/vouchers/purchase/history/{userUuid}","VoucherPurchaseController","getHistory","id/boga/mybogaapp/features/voucher/b2c/VoucherPurchaseController.java:248","Request signature/HMAC (handler-level)","X-BOGA-Signature","","X-BOGA-Signature; X-BOGA-Timestamp","userUuid:String","only_on_going:Boolean (optional/defaulted)","/history/{userUuid}","","","manual: !hmacSign.equals(bogaSignature)","200; 204","400","","","ResponseEntity<Object>","Static source scan; directly called service/helper errors are included when resolvable, but runtime-only errors require integration tests to confirm."
"GET","/api/vouchers/purchase/validate/{voucherPurchaseId}","VoucherPurchaseController","validatePurchase","id/boga/mybogaapp/features/voucher/b2c/VoucherPurchaseController.java:214","Request signature/HMAC (handler-level)","X-BOGA-Signature","","X-BOGA-Signature; X-BOGA-Timestamp","voucherPurchaseId:String","","/validate/{voucherPurchaseId}","","","manual: !hmacSign.equals(bogaSignature)","200","400","","","ResponseEntity<?>","Static source scan; directly called service/helper errors are included when resolvable, but runtime-only errors require integration tests to confirm."
"POST","/api/wallets/pin","UserWalletPinController","registerPinRequest","id/boga/mybogaapp/features/wallet/UserWalletPinController.java:37","None declared at handler; method is permitAll in SecurityConfig","","","","","","application/json","PinRegistration","PinRegistration","","200","400","","","ResponseEntity<?>","Static source scan; directly called service/helper errors are included when resolvable, but runtime-only errors require integration tests to confirm."
"POST","/api/wallets/pin/verify-pin","UserWalletPinController","verifyPin","id/boga/mybogaapp/features/wallet/UserWalletPinController.java:61","None declared at handler; method is permitAll in SecurityConfig","","","","","","/verify-pin","PinVerification","userUuid:String; pin:String","","200","400; 401","","","ResponseEntity<?>","Static source scan; directly called service/helper errors are included when resolvable, but runtime-only errors require integration tests to confirm."
"POST","/api/wallets/pin/verify-register-code","UserWalletPinController","verifyRegisterCode","id/boga/mybogaapp/features/wallet/UserWalletPinController.java:84","None declared at handler; method is permitAll in SecurityConfig","","","","","","/verify-register-code","PinRequestCodeVerification","PinRequestCodeVerification","","200","400","","","ResponseEntity<?>","Static source scan; directly called service/helper errors are included when resolvable, but runtime-only errors require integration tests to confirm."
"GET","/api/wallets/users/{userUuid}","UserWalletController","currentBalance","id/boga/mybogaapp/features/wallet/UserWalletController.java:27","None declared at handler; method is permitAll in SecurityConfig","","","","userUuid:String","","/{userUuid}","","","","200","400","","","ResponseEntity<?>","Static source scan; directly called service/helper errors are included when resolvable, but runtime-only errors require integration tests to confirm."
"POST","/api/webapps/approval/validate-user","ApprovalController","validateUser","id/boga/mybogaapp/features/Approval/ApprovalController.java:37","API/client/secret key (handler-level)","X-WEBAPP-Key","","X-WEBAPP-Key","","","application/json","String (raw request body; schema not statically declared)","String (raw request body; schema not statically declared)","manual: !apiKeyProperties.equals(apiKey)","200","400","","Bad Request","ResponseEntity<Object>","Static source scan; directly called service/helper errors are included when resolvable, but runtime-only errors require integration tests to confirm. Raw String body has no declared DTO schema."
"POST","/api/webhook/google-wallet","WebhookController","handlePostWebhookGoogleWallet","id/boga/mybogaapp/features/webhook/WebhookController.java:84","None declared at handler; method is permitAll in SecurityConfig","","","","","","application/json","String (raw request body; schema not statically declared)","String (raw request body; schema not statically declared)","","200","","","","String","Static source scan; directly called service/helper errors are included when resolvable, but runtime-only errors require integration tests to confirm. Raw String body has no declared DTO schema."
"POST","/api/webhook/insider-one/coupon-data","InsiderOneWebhookController","receiveCouponData","id/boga/mybogaapp/features/insiderone/InsiderOneWebhookController.java:91","None declared at handler; method is permitAll in SecurityConfig","","","","","","/coupon-data","String (raw request body; schema not statically declared)","String (raw request body; schema not statically declared)","","200","400; 401; 500","","Failed to process coupon data","ResponseEntity<Map<String, Object>>","Static source scan; directly called service/helper errors are included when resolvable, but runtime-only errors require integration tests to confirm. Raw String body has no declared DTO schema."
"POST","/api/webhook/insider-one/gamification-reward","InsiderOneWebhookController","receiveGamificationReward","id/boga/mybogaapp/features/insiderone/InsiderOneWebhookController.java:43","API/client/secret key (handler-level)","X-INSIDER-API-KEY","","X-INSIDER-API-KEY","","","/gamification-reward","String (raw request body; schema not statically declared)","String (raw request body; schema not statically declared)","","200","400; 401; 500","","Failed to process reward","ResponseEntity<Map<String, Object>>","Static source scan; directly called service/helper errors are included when resolvable, but runtime-only errors require integration tests to confirm. Raw String body has no declared DTO schema."
"GET","/api/webhook/whatsapp","WebhookController","handleGetWebhookWhatsapp","id/boga/mybogaapp/features/webhook/WebhookController.java:36","None declared at handler; method is permitAll in SecurityConfig","","","","","","Not declared","","","","200","","","","String","Static source scan; directly called service/helper errors are included when resolvable, but runtime-only errors require integration tests to confirm."
"POST","/api/webhook/whatsapp","WebhookController","handlePostWebhookWhatsapp","id/boga/mybogaapp/features/webhook/WebhookController.java:44","None declared at handler; method is permitAll in SecurityConfig","","","","","","application/json","String (raw request body; schema not statically declared)","String (raw request body; schema not statically declared)","manual: payload.get(""entry"") != null","200","400","","","String","Static source scan; directly called service/helper errors are included when resolvable, but runtime-only errors require integration tests to confirm. Raw String body has no declared DTO schema."
"GET","/api/wgs/automation/boga/brands","BrandMATController","list","id/boga/mybogaapp/features/brand/BrandMATController.java:27","None declared at handler; method is permitAll in SecurityConfig","","","","","country_id:int (required)","Not declared","","","","200","400","","","ResponseEntity<Object>","Static source scan; directly called service/helper errors are included when resolvable, but runtime-only errors require integration tests to confirm."
"GET","/api/wgs/automation/boga/outlets","OutletMATController","list","id/boga/mybogaapp/features/outlet/OutletMATController.java:30","None declared at handler; method is permitAll in SecurityConfig","","","","","brand_uuid:String (required); country_id:int (required)","Not declared","","","","200","400","","","ResponseEntity<Object>","Static source scan; directly called service/helper errors are included when resolvable, but runtime-only errors require integration tests to confirm."
"GET","/api/wgs/automation/boga/transactions","TransactionMATController","list","id/boga/mybogaapp/features/transaction/TransactionMATController.java:27","None declared at handler; method is permitAll in SecurityConfig","","","","","offset:int (required); limit:int (required); start_age:int (optional/defaulted); end_age:int (optional/defaulted); gender:String (optional/defaulted); brand_uuid:String (optional/defaulted); outlet_uuid:String (optional/defaulted); start_checkin_date:String (optional/defaulted); end_checkin_date:String (optional/defaulted); start_checkin_time:String (optional/defaulted); end_checkin_time:String (optional/defaulted); start_spending:int (optional/defaulted); end_spending:int (optional/defaulted)","Not declared","","","","200","400","","","ResponseEntity<Object>","Static source scan; directly called service/helper errors are included when resolvable, but runtime-only errors require integration tests to confirm."
"GET","/api/wgs/automation/boga/users","UserMATController","list","id/boga/mybogaapp/features/user/UserMATController.java:29","None declared at handler; method is permitAll in SecurityConfig","","","","","offset:int (required); limit:int (required); start_age:int (optional/defaulted); end_age:int (optional/defaulted); gender:String (optional/defaulted); start_reg_date:String (optional/defaulted); end_reg_date:String (optional/defaulted); start_mod_date:String (optional/defaulted); end_mod_date:String (optional/defaulted)","Not declared","","","","200","400","","","ResponseEntity<Object>","Static source scan; directly called service/helper errors are included when resolvable, but runtime-only errors require integration tests to confirm."
"POST","/api/xendit/ewallets/account-balance","XenditIntegrationController","eWalletsAccountBalance","id/boga/mybogaapp/features/xendit_integration/XenditIntegrationController.java:165","API/client/secret key (handler-level)","X-BOGA-Key","","X-BOGA-Key","","","application/json","String (raw request body; schema not statically declared)","String (raw request body; schema not statically declared)","manual: !apiKeyProperties.equals(apiKey)","200","400; 401; 404","","Bad Request","ResponseEntity<Object>","Static source scan; directly called service/helper errors are included when resolvable, but runtime-only errors require integration tests to confirm. Raw String body has no declared DTO schema."
"POST","/api/xendit/ewallets/account-linking","XenditIntegrationController","eWalletsAccountLinking","id/boga/mybogaapp/features/xendit_integration/XenditIntegrationController.java:43","API/client/secret key (handler-level)","X-BOGA-Key","","X-BOGA-Key","","","application/json","String (raw request body; schema not statically declared)","String (raw request body; schema not statically declared)","manual: !apiKeyProperties.equals(apiKey)","200","400; 401; 404","","Bad Request","ResponseEntity<Object>","Static source scan; directly called service/helper errors are included when resolvable, but runtime-only errors require integration tests to confirm. Raw String body has no declared DTO schema."
"POST","/api/xendit/ewallets/account-linking/webhook","XenditIntegrationController","eWalletsAccountLinkingWebhook","id/boga/mybogaapp/features/xendit_integration/XenditIntegrationController.java:138","Callback token (handler-level)","x-callback-token","","x-callback-token","","","application/json","String (raw request body; schema not statically declared)","String (raw request body; schema not statically declared)","","200","400","","","ResponseEntity<Object>","Static source scan; directly called service/helper errors are included when resolvable, but runtime-only errors require integration tests to confirm. Raw String body has no declared DTO schema."
